Dimension,Code,Title,ParentDimension,ParentCode,ParentTitle
TOBACCO_INDICATOR,TOBACCO_INDICATOR_Adult_curr_cig_smoking,Prevalence of current cigarette smoking among adults (%),,,
TOBACCO_INDICATOR,TOBACCO_INDICATOR_Adult_curr_e-cig,Prevalence of current e-cigarette use among adults (%),,,
TOBACCO_INDICATOR,TOBACCO_INDICATOR_Adult_curr_smokeless,Prevalence of current smokeless tobacco use among adults (%),,,
TOBACCO_INDICATOR,TOBACCO_INDICATOR_Adult_curr_tob_smoking,Prevalence of current tobacco smoking among adults (%),,,
TOBACCO_INDICATOR,TOBACCO_INDICATOR_Adult_curr_tob_use,Prevalence of current tobacco use among adults (%),,,
TOBACCO_INDICATOR,TOBACCO_INDICATOR_Adult_daily_cig_smoking,Prevalence of daily cigarette smoking among adults (%),,,
TOBACCO_INDICATOR,TOBACCO_INDICATOR_Adult_daily_e-cig,Prevalence of daily e-cigarette use among adults (%),,,
TOBACCO_INDICATOR,TOBACCO_INDICATOR_Adult_daily_smokeless,Prevalence of daily smokeless tobacco use among adults (%),,,
TOBACCO_INDICATOR,TOBACCO_INDICATOR_Adult_daily_tob_smoking,Prevalence of daily tobacco smoking among adults (%),,,
TOBACCO_INDICATOR,TOBACCO_INDICATOR_Adult_daily_tob_use,Prevalence of daily tobacco use among adults (%),,,
TOBACCO_INDICATOR,TOBACCO_INDICATOR_Adult_nonsmoked_age_grp,Age range of latest adult prevalence survey (nonsmoked),,,
TOBACCO_INDICATOR,TOBACCO_INDICATOR_Adult_nonsmoked_national,Representation of latest adult prevalence survey (nonsmoked),,,
TOBACCO_INDICATOR,TOBACCO_INDICATOR_Adult_nonsmoked_svy_title,Name of latest adult prevalence survey (nonsmoked),,,
TOBACCO_INDICATOR,TOBACCO_INDICATOR_Adult_nonsmoked_svy_yr,Year of latest adult prevalence survey (nonsmoked),,,
TOBACCO_INDICATOR,TOBACCO_INDICATOR_Adult_survey_title,Title of most recent survey of adults,,,
TOBACCO_INDICATOR,TOBACCO_INDICATOR_Adult_svy_age_range,Age range of most recent survey of adults,,,
TOBACCO_INDICATOR,TOBACCO_INDICATOR_Adult_svy_national,Representativeness of most recent survey of adults,,,
TOBACCO_INDICATOR,TOBACCO_INDICATOR_Adult_svy_yr,Year of most recent adult survey,,,
TOBACCO_INDICATOR,TOBACCO_INDICATOR_Camp_aud_research,Formative research was conducted prior to the campaign,,,
TOBACCO_INDICATOR,TOBACCO_INDICATOR_Camp_eval_impact,Outcome evaluation was employed to assess effectiveness of the campaign,,,
TOBACCO_INDICATOR,TOBACCO_INDICATOR_Camp_gov_prog,Campaign was part of a comprehensive tobacco control programme,,,
TOBACCO_INDICATOR,TOBACCO_INDICATOR_Camp_mat_tested,Campaign was pre-tested,,,
TOBACCO_INDICATOR,TOBACCO_INDICATOR_Camp_media_monitor,Process evaluation was employed to assess implementation of the campaign,,,
TOBACCO_INDICATOR,TOBACCO_INDICATOR_Camp_media_planning,Campaign utilized media planning,,,
TOBACCO_INDICATOR,TOBACCO_INDICATOR_Camp_nat,At least one national mass media campaign ran during the survey period,,,
TOBACCO_INDICATOR,TOBACCO_INDICATOR_Camp_news,Earned media/public relations were used to promote the campaign,,,
TOBACCO_INDICATOR,TOBACCO_INDICATOR_Camp_tv_radio,Campaign ran on both national television and radio,,,
TOBACCO_INDICATOR,TOBACCO_INDICATOR_CURRENCY_LOCAL,Currency reported,,,
TOBACCO_INDICATOR,TOBACCO_INDICATOR_E_compl_all_dir,Overall compliance with bans on direct advertising (score),,,
TOBACCO_INDICATOR,TOBACCO_INDICATOR_E_compl_e_all_indir,Overall compliance with bans on promotion and sponsorship (score),,,
TOBACCO_INDICATOR,TOBACCO_INDICATOR_E_comprehensive_subnat,"Subnational bans on advertising, promotion and sponsorship - at least one jurisdiction has a comprehensive ban in place",,,
TOBACCO_INDICATOR,TOBACCO_INDICATOR_E_Group,Enforce bans on tobacco advertising,,,
TOBACCO_INDICATOR,TOBACCO_INDICATOR_E1_nat_tv_radio,Ban on advertising on national television and radio,,,
TOBACCO_INDICATOR,TOBACCO_INDICATOR_E10_promo_discounts,Ban on promotional discounts,,,
TOBACCO_INDICATOR,TOBACCO_INDICATOR_E11_brand_stretching,Ban on identifying non-tobacco products with tobacco brand names,,,
TOBACCO_INDICATOR,TOBACCO_INDICATOR_E12_brand_sharing,Ban on use of brand name of non-tobacco product for tobacco product,,,
TOBACCO_INDICATOR,TOBACCO_INDICATOR_E13_brand_placement,Ban on appearance of tobacco brands in TV and/or films (product placement),,,
TOBACCO_INDICATOR,TOBACCO_INDICATOR_E14a_prod_tv_films,Ban on appearance of tobacco products in TV and/or films,,,
TOBACCO_INDICATOR,TOBACCO_INDICATOR_E14b_movies_anti_tob_ads,"Required anti-tobacco ads for any visual entertainment media product that depicts tobacco products, use or images",,,
TOBACCO_INDICATOR,TOBACCO_INDICATOR_E15a_sponsorship,Ban on sponsorship (contributions and/or publicity of contributions),,,
TOBACCO_INDICATOR,TOBACCO_INDICATOR_E15b_sponsor_contribution,"Ban on any form of contribution (financial or other support) to any event, activity or individual",,,
TOBACCO_INDICATOR,TOBACCO_INDICATOR_E15c_sponsor_publicity,"Banning the publicity of financial or other sponsorship or support by the tobacco industry of events, activities, individuals",,,
TOBACCO_INDICATOR,TOBACCO_INDICATOR_E17b_csr_promo_self,Ban on tobacco companies/the tobacco industry publicizing their CSR activities,,,
TOBACCO_INDICATOR,TOBACCO_INDICATOR_E17c_csr_promo_others,Ban on entities other than tobacco companies/the tobacco industry publicizing the CSR activities of the tobacco companies/industry,,,
TOBACCO_INDICATOR,TOBACCO_INDICATOR_E18_csr_anti_tobacco_media,"Ban on tobacco companies funding/making contributions (incl in-kind) to smoking prevention media campaigns, incl. directed at youth",,,
TOBACCO_INDICATOR,TOBACCO_INDICATOR_E19_indirect_ad_fines,"Law requires fines for violations of indirect advertising bans,2018",,,
TOBACCO_INDICATOR,TOBACCO_INDICATOR_E2_intl_tv_radio,Ban on advertising on international television and radio,,,
TOBACCO_INDICATOR,TOBACCO_INDICATOR_E21a_direct_ad_fines,Law requires fines for violations of advertising bans,,,
TOBACCO_INDICATOR,TOBACCO_INDICATOR_E21b_indirect_ad_fines,Law requires fines for violations of promotion and sponsorship bans,,,
TOBACCO_INDICATOR,TOBACCO_INDICATOR_E22_subnational_authority_exists,"Subnational bans on tobacco advertising, promotion and sponsorship authority exists",,,
TOBACCO_INDICATOR,TOBACCO_INDICATOR_E23_vending_machines,Ban on tobacco vending machines,,,
TOBACCO_INDICATOR,TOBACCO_INDICATOR_E24_internet_sales_ban,Ban on internet sales of tobacco products,,,
TOBACCO_INDICATOR,TOBACCO_INDICATOR_E3_nat_print,Ban on advertising in local magazines and newspapers,,,
TOBACCO_INDICATOR,TOBACCO_INDICATOR_E4_intl_print,Ban on advertising in international magazines and newspapers,,,
TOBACCO_INDICATOR,TOBACCO_INDICATOR_E5_billboards,Ban on billboard and outdoor advertising,,,
TOBACCO_INDICATOR,TOBACCO_INDICATOR_E6a_pt_of_sale,Ban on advertising: Point of sale,,,
TOBACCO_INDICATOR,TOBACCO_INDICATOR_E6b_ban_display_pt_of_sale,Ban on product display at point of sale,,,
TOBACCO_INDICATOR,TOBACCO_INDICATOR_E7_internet,Ban on advertising on the internet,,,
TOBACCO_INDICATOR,TOBACCO_INDICATOR_E8_direct_ad_fines,"Law requires fines for violations of direct advertising bans, 2018",,,
TOBACCO_INDICATOR,TOBACCO_INDICATOR_E9_free_distrib,Ban on free distribution in mail or through other means,,,
TOBACCO_INDICATOR,TOBACCO_INDICATOR_M_Group,Monitor tobacco use and prevention policies,,,
TOBACCO_INDICATOR,TOBACCO_INDICATOR_NICOTINE_YN,Contains nicotine,,,
TOBACCO_INDICATOR,TOBACCO_INDICATOR_NTCP_agcy,National agency for tobacco control exists,,,
TOBACCO_INDICATOR,TOBACCO_INDICATOR_NTCP_budget_year,Budget year,,,
TOBACCO_INDICATOR,TOBACCO_INDICATOR_NTCP_curr,National tobacco control budget - currency reported,,,
TOBACCO_INDICATOR,TOBACCO_INDICATOR_NTCP_FTE,Number of full-time equivalent staff in national agency,,,
TOBACCO_INDICATOR,TOBACCO_INDICATOR_NTCP_govt_exp,Annual budget for tobacco control in currency reported,,,
TOBACCO_INDICATOR,TOBACCO_INDICATOR_NTCP_govt_obj,Government objectives on tobacco control exist,,,
TOBACCO_INDICATOR,TOBACCO_INDICATOR_O_Avail_community,Available in the community,,,
TOBACCO_INDICATOR,TOBACCO_INDICATOR_O_Avail_hlth_clin,Available in health clinics or other primary care facilities,,,
TOBACCO_INDICATOR,TOBACCO_INDICATOR_O_Avail_hosp,Available in hospitals,,,
TOBACCO_INDICATOR,TOBACCO_INDICATOR_O_Avail_off_hlth_prof,Available in offices of health professionals,,,
TOBACCO_INDICATOR,TOBACCO_INDICATOR_O_Avail_other,Available in other settings,,,
TOBACCO_INDICATOR,TOBACCO_INDICATOR_O_Bup_ins,Bupropion - cost covered,,,
TOBACCO_INDICATOR,TOBACCO_INDICATOR_O_Bup_sold,Bupropion - legally sold,,,
TOBACCO_INDICATOR,TOBACCO_INDICATOR_O_Bup_where,Bupropion - place available,,,
TOBACCO_INDICATOR,TOBACCO_INDICATOR_O_Cytisine_ins,Cytisine - cost covered,,,
TOBACCO_INDICATOR,TOBACCO_INDICATOR_O_Cytisine_sold,Cytisine - legally sold,,,
TOBACCO_INDICATOR,TOBACCO_INDICATOR_O_Cytisine_where,Cytisine - place available,,,
TOBACCO_INDICATOR,TOBACCO_INDICATOR_O_Group,Offer help to quit tobacco use,,,
TOBACCO_INDICATOR,TOBACCO_INDICATOR_O_Ins_community,Cost-covered in the community,,,
TOBACCO_INDICATOR,TOBACCO_INDICATOR_O_Ins_hlth_clin,Cost-covered in health clinics or other primary care facilities,,,
TOBACCO_INDICATOR,TOBACCO_INDICATOR_O_Ins_hosp,Cost-covered in hospitals,,,
TOBACCO_INDICATOR,TOBACCO_INDICATOR_O_Ins_off_hlth_prof,Cost-covered in offices of health professionals,,,
TOBACCO_INDICATOR,TOBACCO_INDICATOR_O_Ins_other,Cost-covered in other settings,,,
TOBACCO_INDICATOR,TOBACCO_INDICATOR_O_NRT_EML,Nicotine replacement therapy - on the Essential Medicines List,,,
TOBACCO_INDICATOR,TOBACCO_INDICATOR_O_NRT_ins,Nicotine replacement therapy - cost covered,,,
TOBACCO_INDICATOR,TOBACCO_INDICATOR_O_NRT_sold,Nicotine replacement therapy - legally sold,,,
TOBACCO_INDICATOR,TOBACCO_INDICATOR_O_NRT_where,Nicotine replacement therapy - place available,,,
TOBACCO_INDICATOR,TOBACCO_INDICATOR_O_Quitline,Access to a toll-free quit line,,,
TOBACCO_INDICATOR,TOBACCO_INDICATOR_O_Varen_ins,Varenicline - cost covered,,,
TOBACCO_INDICATOR,TOBACCO_INDICATOR_O_Varen_sold,Varenicline - legally sold,,,
TOBACCO_INDICATOR,TOBACCO_INDICATOR_O_Varen_where,Varenicline - place available,,,
TOBACCO_INDICATOR,TOBACCO_INDICATOR_P_count_places_sf,Number of places smoke-free,,,
TOBACCO_INDICATOR,TOBACCO_INDICATOR_P_Group,Protect from tobacco smoke,,,
TOBACCO_INDICATOR,TOBACCO_INDICATOR_P1_healthcare,Smoke-free health-care facilities,,,
TOBACCO_INDICATOR,TOBACCO_INDICATOR_P10_subnat_auth_exists,Subnational smoke-free legislation authority exists,,,
TOBACCO_INDICATOR,TOBACCO_INDICATOR_P11_fines_any,Fines for violations of smoke-free laws,,,
TOBACCO_INDICATOR,TOBACCO_INDICATOR_P12_fines_establishment,Fines on the establishment for violations of smoke-free laws,,,
TOBACCO_INDICATOR,TOBACCO_INDICATOR_P13_fines_smoker,Fines on the patrons of establishments for violations of smoke-free laws,,,
TOBACCO_INDICATOR,TOBACCO_INDICATOR_P14_funds_for_enforce,Dedicated funds for enforcement of smoke-free laws,,,
TOBACCO_INDICATOR,TOBACCO_INDICATOR_P15_complaints,Citizen complaints and investigations of violations of smoke-free laws,,,
TOBACCO_INDICATOR,TOBACCO_INDICATOR_P16_subnat_complete_bans_exist,Comprehensive bans in place subnationally,,,
TOBACCO_INDICATOR,TOBACCO_INDICATOR_P2_education,Smoke-free education facilities except universities,,,
TOBACCO_INDICATOR,TOBACCO_INDICATOR_P3_universities,Smoke-free universities,,,
TOBACCO_INDICATOR,TOBACCO_INDICATOR_P4_govt,Smoke-free government facilities,,,
TOBACCO_INDICATOR,TOBACCO_INDICATOR_P5_indoor_off,Smoke-free indoor offices and workplaces,,,
TOBACCO_INDICATOR,TOBACCO_INDICATOR_P6_restaurants,Smoke-free restaurants,,,
TOBACCO_INDICATOR,TOBACCO_INDICATOR_P7_pubs,"Smoke-free pubs, bars and cafés",,,
TOBACCO_INDICATOR,TOBACCO_INDICATOR_P8_pub_transp,Smoke-free public transport,,,
TOBACCO_INDICATOR,TOBACCO_INDICATOR_P9_all_other,Smoke-free other indoor public places,,,
TOBACCO_INDICATOR,TOBACCO_INDICATOR_PRICE_IN_CURRENCY,Price in currency reported,,,
TOBACCO_INDICATOR,TOBACCO_INDICATOR_PRICE_IN_PPP,Price in international dollars at purchasing power parity,,,
TOBACCO_INDICATOR,TOBACCO_INDICATOR_PRICE_IN_USD,Price in US$ at official exchange rates,,,
TOBACCO_INDICATOR,TOBACCO_INDICATOR_QUANTITY,Base quantity,,,
TOBACCO_INDICATOR,TOBACCO_INDICATOR_R_admin_identifier_track_and_trace,Tax administration: Unique identifiers/markings required to contain data for tracking and tracing purposes,,,
TOBACCO_INDICATOR,TOBACCO_INDICATOR_R_admin_tax_stamps_cig,"Tax administration: tax stamps, fiscal marks, banderoles or any other type of marking applied on cigarettes",,,
TOBACCO_INDICATOR,TOBACCO_INDICATOR_R_afford_cat,Tobacco affordability: Cigarettes relatively more expensive since 10 years ago (trend in Tobacco affordability),,,
TOBACCO_INDICATOR,TOBACCO_INDICATOR_R_afford_cat_2,Affordability: category of change over past 2 years,,,
TOBACCO_INDICATOR,TOBACCO_INDICATOR_R_afford_gdp,"Tobacco affordability: % of GDP per capita req to purchase 100 packs of most sold brand (the higher the %, the less affordable)",,,
TOBACCO_INDICATOR,TOBACCO_INDICATOR_R_afford_inflation_adjusted_price_lcu,"Price adjusted by year-on-year changes in average consumer prices (in local currency, per country)",,,
TOBACCO_INDICATOR,TOBACCO_INDICATOR_R_afford_inflation_adjusted_price_ppp,"Price adjusted by year-on-year changes in average consumer prices (in purchasing power parity, in the United States of America)",,,
TOBACCO_INDICATOR,TOBACCO_INDICATOR_R_afford_price_dispersion,Price dispersion: share of cheapest brand price in premium brand price (the higher the % the smaller the gap),,,
TOBACCO_INDICATOR,TOBACCO_INDICATOR_R_afford_price_gap_decreased,Price gap decreased over the last two years,,,
TOBACCO_INDICATOR,TOBACCO_INDICATOR_R_afford_tax_auto_adjust,Specific tax component automatically adjusted for inflation (or other),,,
TOBACCO_INDICATOR,TOBACCO_INDICATOR_R_afford_trend_growth_rate,Tobacco affordability: trend growth rate,,,
TOBACCO_INDICATOR,TOBACCO_INDICATOR_R_earmarking,Reported use of earmarked tobacco taxes,,,
TOBACCO_INDICATOR,TOBACCO_INDICATOR_R_eliquid_excise_device,"If an excise tax applies on ENDS/ENNDS, whether an excise tax applied on the device of ENDS/ENNDS products",,,
TOBACCO_INDICATOR,TOBACCO_INDICATOR_R_eliquid_excise_nicotine,"If an excise tax applies on ENDS/ENNDS, whether it applies on all e-liquids or on liquids containing nicotine only.",,,
TOBACCO_INDICATOR,TOBACCO_INDICATOR_R_eliquid_excise_type,Type of excise tax applied on ENDS/ENNDS e-liquids,,,
TOBACCO_INDICATOR,TOBACCO_INDICATOR_R_excise_min_specific,Minimum specific tax applied in ad valorem or mixed excise regime,,,
TOBACCO_INDICATOR,TOBACCO_INDICATOR_R_excise_retail_price_base,Retail price used as base of ad valorem component in ad valorem or mixed excise regime (or retail price exclusive of VAT),,,
TOBACCO_INDICATOR,TOBACCO_INDICATOR_R_excise_specific_reliance,Greater reliance on specific tax in mixed excise regime,,,
TOBACCO_INDICATOR,TOBACCO_INDICATOR_R_excise_type,Type of excise tax applied,,,
TOBACCO_INDICATOR,TOBACCO_INDICATOR_R_excise_uniform_varied,Uniform excise tax,,,
TOBACCO_INDICATOR,TOBACCO_INDICATOR_R_Group,Raise taxes on tobacco,,,
TOBACCO_INDICATOR,TOBACCO_INDICATOR_R_htp_excise_device,"If an excise tax applies on HTPs, whether an excise tax applied on the device of HTPs.",,,
TOBACCO_INDICATOR,TOBACCO_INDICATOR_R_htp_excise_type_sticks,Type of excise tax applied on HTPs sticks,,,
TOBACCO_INDICATOR,TOBACCO_INDICATOR_R_min_price_policy,Minimum price policy,,,
TOBACCO_INDICATOR,TOBACCO_INDICATOR_Rev_curr,Currency reported,,,
TOBACCO_INDICATOR,TOBACCO_INDICATOR_Rev_curr_prev,Currency reported,,,
TOBACCO_INDICATOR,TOBACCO_INDICATOR_Rev_excise,Total excise (specific and ad valorem),,,
TOBACCO_INDICATOR,TOBACCO_INDICATOR_Rev_excise_prev,Total excise (specific and ad valorem),,,
TOBACCO_INDICATOR,TOBACCO_INDICATOR_Rev_govt_total,Total revenues,,,
TOBACCO_INDICATOR,TOBACCO_INDICATOR_Rev_govt_total_prev,Total revenues,,,
TOBACCO_INDICATOR,TOBACCO_INDICATOR_Rev_import,Import duties,,,
TOBACCO_INDICATOR,TOBACCO_INDICATOR_Rev_import_prev,Import duties,,,
TOBACCO_INDICATOR,TOBACCO_INDICATOR_Rev_other,Other,,,
TOBACCO_INDICATOR,TOBACCO_INDICATOR_Rev_other_prev,Other,,,
TOBACCO_INDICATOR,TOBACCO_INDICATOR_Rev_type,Tobacco product types included,,,
TOBACCO_INDICATOR,TOBACCO_INDICATOR_Rev_type_prev,Tobacco product types included,,,
TOBACCO_INDICATOR,TOBACCO_INDICATOR_Rev_VAT,Valued added tax (VAT) and other sales taxes,,,
TOBACCO_INDICATOR,TOBACCO_INDICATOR_Rev_VAT_prev,Valued added tax (VAT) and other sales taxes,,,
TOBACCO_INDICATOR,TOBACCO_INDICATOR_Rev_year,"Year reported, latest",,,
TOBACCO_INDICATOR,TOBACCO_INDICATOR_Rev_year_prev,"Year reported, previous",,,
TOBACCO_INDICATOR,TOBACCO_INDICATOR_TAX_ADVALEXCISE,Taxes as a % of price: ad valorem excise,,,
TOBACCO_INDICATOR,TOBACCO_INDICATOR_TAX_EXCISEINCREASE,Tobacco excises increased over the survey period,,,
TOBACCO_INDICATOR,TOBACCO_INDICATOR_TAX_EXCISEPROPPRICE,Excise tax proportion of price,,,
TOBACCO_INDICATOR,TOBACCO_INDICATOR_TAX_IMPORTDUTIES,Taxes as a % of price: import duties,,,
TOBACCO_INDICATOR,TOBACCO_INDICATOR_TAX_OTHERTAXES,Taxes as a % of price: other taxes,,,
TOBACCO_INDICATOR,TOBACCO_INDICATOR_TAX_SPECIFICEXCISE,Taxes as a % of price: specific excise,,,
TOBACCO_INDICATOR,TOBACCO_INDICATOR_TAX_TOTALTAX,Taxes as a % of price: total tax,,,
TOBACCO_INDICATOR,TOBACCO_INDICATOR_TAX_VALUEADDED,Taxes as a % of price: value added tax,,,
TOBACCO_INDICATOR,TOBACCO_INDICATOR_TYPE,Type,,,
TOBACCO_INDICATOR,TOBACCO_INDICATOR_W_Group,Warn about the dangers of tobacco,,,
TOBACCO_INDICATOR,TOBACCO_INDICATOR_W1_HW_law_A,Law mandates that health warnings appear on cigarette packages,,,
TOBACCO_INDICATOR,TOBACCO_INDICATOR_W1_HW_law_B,Law mandates that health warnings appear on other smoked tobacco packages,,,
TOBACCO_INDICATOR,TOBACCO_INDICATOR_W1_HW_law_C,Law mandates that health warnings appear on smokeless tobacco packages,,,
TOBACCO_INDICATOR,TOBACCO_INDICATOR_W10_graphic_A,Health warnings on cigarette packaging must include a photograph or graphic,,,
TOBACCO_INDICATOR,TOBACCO_INDICATOR_W10_graphic_B,Health warnings on other smoked tobacco packaging must include a photograph or graphic,,,
TOBACCO_INDICATOR,TOBACCO_INDICATOR_W10_graphic_C,Health warnings on smokeless tobacco packaging must include a photograph or graphic,,,
TOBACCO_INDICATOR,TOBACCO_INDICATOR_W11_outside_pack_A,Health warnings appear on each cigarette package and any outside packaging and labelling used in the retail sale,,,
TOBACCO_INDICATOR,TOBACCO_INDICATOR_W11_outside_pack_B,Health warnings appear on each other smoked tobacco package and any outside packaging and labelling used in the retail sale,,,
TOBACCO_INDICATOR,TOBACCO_INDICATOR_W11_outside_pack_C,Health warnings appear on each smokeless tobacco package and any outside packaging and labelling used in the retail sale,,,
TOBACCO_INDICATOR,TOBACCO_INDICATOR_W12_imports_dutyfree_A,Health warnings on cigarette packaging law applies to products whether manufactured domestically imported AND for duty-free sale,,,
TOBACCO_INDICATOR,TOBACCO_INDICATOR_W12_imports_dutyfree_B,"Health warnings on other smoked tobacco packaging law applies to products: manufactured, domestically imported, for duty-free sale",,,
TOBACCO_INDICATOR,TOBACCO_INDICATOR_W12_imports_dutyfree_C,"Health warnings on smokeless tobacco packaging law applies to products: manufactured, domestically imported, for duty-free sale",,,
TOBACCO_INDICATOR,TOBACCO_INDICATOR_W13_ind_liability_A,Health warnings on cigarette packaging do not remove or diminish the liability of the tobacco industry,,,
TOBACCO_INDICATOR,TOBACCO_INDICATOR_W13_ind_liability_B,Health warnings on other smoked tobacco packaging do not remove or diminish the liability of the tobacco industry,,,
TOBACCO_INDICATOR,TOBACCO_INDICATOR_W13_ind_liability_C,Health warnings on smokeless tobacco packaging do not remove or diminish the liability of the tobacco industry,,,
TOBACCO_INDICATOR,TOBACCO_INDICATOR_W14_harm_effects_A,Health warnings on cigarette packaging describe the harmful effects of tobacco use on health,,,
TOBACCO_INDICATOR,TOBACCO_INDICATOR_W14_harm_effects_B,Health warnings on other smoked tobacco packaging describe the harmful effects of tobacco use on health,,,
TOBACCO_INDICATOR,TOBACCO_INDICATOR_W14_harm_effects_C,Health warnings on smokeless tobacco packaging describe the harmful effects of tobacco use on health,,,
TOBACCO_INDICATOR,TOBACCO_INDICATOR_W15_specific_hw_A,Specific health warnings are mandated for cigarette packaging,,,
TOBACCO_INDICATOR,TOBACCO_INDICATOR_W15_specific_hw_B,Specific health warnings are mandated for other smoked tobacco packaging,,,
TOBACCO_INDICATOR,TOBACCO_INDICATOR_W15_specific_hw_C,Specific health warnings are mandated for smokeless tobacco packaging,,,
TOBACCO_INDICATOR,TOBACCO_INDICATOR_W16_number_hw_A,Number of health warnings approved by the law for cigarette packaging,,,
TOBACCO_INDICATOR,TOBACCO_INDICATOR_W16_number_hw_B,Number of health warnings approved by the law for other smoked tobacco packaging,,,
TOBACCO_INDICATOR,TOBACCO_INDICATOR_W16_number_hw_C,Number of health warnings approved by the law for smokeless tobacco packaging,,,
TOBACCO_INDICATOR,TOBACCO_INDICATOR_W17_fines_A,Health warnings on cigarette packaging law requires or establishes fines for violations,,,
TOBACCO_INDICATOR,TOBACCO_INDICATOR_W17_fines_B,Health warnings on other smoked tobacco packaging law requires or establishes fines for violations,,,
TOBACCO_INDICATOR,TOBACCO_INDICATOR_W17_fines_C,Health warnings on smokeless tobacco packaging law requires or establishes fines for violations,,,
TOBACCO_INDICATOR,TOBACCO_INDICATOR_W18_misleading_terms_A,Ban on deceitful terms on cigarette packaging,,,
TOBACCO_INDICATOR,TOBACCO_INDICATOR_W18_misleading_terms_B,Ban on deceitful terms on other smoked tobacco packaging,,,
TOBACCO_INDICATOR,TOBACCO_INDICATOR_W18_misleading_terms_C,Ban on deceitful terms on smokeless tobacco packaging,,,
TOBACCO_INDICATOR,TOBACCO_INDICATOR_W19_colours_numbers_A,"Cigarette packaging/labelling must not use figurative or other signs as substitutes for prohibited misleading terms, descriptors",,,
TOBACCO_INDICATOR,TOBACCO_INDICATOR_W19_colours_numbers_B,"Other smoked tobacco packaging/labelling must not use figurative or other signs as substitutes for prohibited misleading terms, descriptors",,,
TOBACCO_INDICATOR,TOBACCO_INDICATOR_W19_colours_numbers_C,Smokeless tobacco packaging/labelling must not use figurative or other signs for prohibited misleading terms and descriptors,,,
TOBACCO_INDICATOR,TOBACCO_INDICATOR_W2_pc_front_back_A,Percentage of principal display area mandated to be covered by health warnings - front and back of cigarette packaging,,,
TOBACCO_INDICATOR,TOBACCO_INDICATOR_W2_pc_front_back_B,Percentage of principal display area mandated to be covered by health warnings - front and back of other smoked tobacco packaging,,,
TOBACCO_INDICATOR,TOBACCO_INDICATOR_W2_pc_front_back_C,Percentage of principal display area mandated to be covered by health warnings - front and back of smokeless tobacco packaging,,,
TOBACCO_INDICATOR,TOBACCO_INDICATOR_W20_flavours_A,Cigarette packaging and labelling must not use descriptors depicting flavours,,,
TOBACCO_INDICATOR,TOBACCO_INDICATOR_W20_flavours_B,Other smoked tobacco packaging and labelling must not use descriptors depicting flavours,,,
TOBACCO_INDICATOR,TOBACCO_INDICATOR_W20_flavours_C,Smokeless tobacco packaging and labelling must not use descriptors depicting flavours,,,
TOBACCO_INDICATOR,TOBACCO_INDICATOR_W4_pc_back_B,Percentage of principal display area mandated to be covered by health warnings - back of other smoked tobacco packaging,,,
TOBACCO_INDICATOR,TOBACCO_INDICATOR_W21_emissions_A,Cigarette packaging and labelling must not display quantitative information on emission yields (such as tar nicotine and carbon monoxide) including when used as part of a brand name or trademark (see W21_emissions_quant_A),,,
TOBACCO_INDICATOR,TOBACCO_INDICATOR_W21_emissions_B,Other smoked tobacco packaging and labelling must not display quantitative information on emission yields (such as tar nicotine and carbon monoxide) (see W21_emissions_quant_B),,,
TOBACCO_INDICATOR,TOBACCO_INDICATOR_W21_emissions_quant_A,"Cigarette packaging/labelling must not display quantitative information on emission yields (such as tar nicotine, CO)",,,
TOBACCO_INDICATOR,TOBACCO_INDICATOR_W21_emissions_quant_B,Other smoked tobacco packaging and labelling must not display quantitative information on emission yields,,,
TOBACCO_INDICATOR,TOBACCO_INDICATOR_W21_emissions_quant_C,"Smokeless tobacco packaging and labelling must not display quantitative information on emission yields (such as tar nicotine, CO)",,,
TOBACCO_INDICATOR,TOBACCO_INDICATOR_W22_emissions_qual_A,Cigarette packaging and labelling must display qualitative information on emission yields,,,
TOBACCO_INDICATOR,TOBACCO_INDICATOR_W22_emissions_qual_B,Other smoked tobacco packaging and labelling must display qualitative information on emission yields,,,
TOBACCO_INDICATOR,TOBACCO_INDICATOR_W22_emissions_qual_C,Smokeless tobacco packaging and labelling must display qualitative information on emission yields,,,
TOBACCO_INDICATOR,TOBACCO_INDICATOR_W23_emissions_front_back_A,Qualitative information on emission yields must be displayed on one or more principle display areas of cigarette packaging,,,
TOBACCO_INDICATOR,TOBACCO_INDICATOR_W23_emissions_front_back_B,Qualitative information on emission yields must be displayed on one/more principle display areas of other smoked tobacco packaging,,,
TOBACCO_INDICATOR,TOBACCO_INDICATOR_W23_emissions_front_back_C,Qualitative information on emission yields must be displayed on one or more principle display areas of smokeless tobacco packaging,,,
TOBACCO_INDICATOR,TOBACCO_INDICATOR_W24_exp_date_A,Display of expiry dates is prevented on cigarette packaging,,,
TOBACCO_INDICATOR,TOBACCO_INDICATOR_W24_exp_date_B,Display of expiry dates is prevented on other smoked tobacco packaging,,,
TOBACCO_INDICATOR,TOBACCO_INDICATOR_W24_exp_date_C,Display of expiry dates is prevented on smokeless tobacco packaging,,,
TOBACCO_INDICATOR,TOBACCO_INDICATOR_W25_quitline_number_A,The quit line number must appear on cigarette packaging or labelling,,,
TOBACCO_INDICATOR,TOBACCO_INDICATOR_W25_quitline_number_B,The quit line number must appear on other smoked tobacco packaging or labelling,,,
TOBACCO_INDICATOR,TOBACCO_INDICATOR_W25_quitline_number_C,The quit line number must appear on smokeless tobacco packaging or labelling,,,
TOBACCO_INDICATOR,TOBACCO_INDICATOR_W26_plain_packaging_A,Plain packaging of cigarettes is mandatory,,,
TOBACCO_INDICATOR,TOBACCO_INDICATOR_W26_plain_packaging_B,Plain packaging of other smoked tobacco products is mandatory,,,
TOBACCO_INDICATOR,TOBACCO_INDICATOR_W26_plain_packaging_C,Plain packaging of smokeless tobacco products is mandatory,,,
TOBACCO_INDICATOR,TOBACCO_INDICATOR_W3_pc_front_A,Percentage of principal display area mandated to be covered by health warnings - front of cigarette packaging,,,
TOBACCO_INDICATOR,TOBACCO_INDICATOR_W3_pc_front_B,Percentage of principal display area mandated to be covered by health warnings - front of other smoked tobacco packaging,,,
TOBACCO_INDICATOR,TOBACCO_INDICATOR_W3_pc_front_C,Percentage of principal display area mandated to be covered by health warnings - front of smokeless tobacco packaging,,,
TOBACCO_INDICATOR,TOBACCO_INDICATOR_W4_pc_back_A,Percentage of principal display area mandated to be covered by health warnings - back of cigarette packaging,,,
TOBACCO_INDICATOR,TOBACCO_INDICATOR_W4_pc_back_C,Percentage of principal display area mandated to be covered by health warnings - back of smokeless tobacco packaging,,,
TOBACCO_INDICATOR,TOBACCO_INDICATOR_W5_top_side_A,Health warnings on cigarette packaging must be placed at the top of the principal display areas of the package,,,
TOBACCO_INDICATOR,TOBACCO_INDICATOR_W5_top_side_B,Health warnings on other smoked tobacco packaging must be placed at the top of the principal display areas of the package,,,
TOBACCO_INDICATOR,TOBACCO_INDICATOR_W5_top_side_C,Health warnings on smokeless tobacco packaging must be placed at the top of the principal display areas of the package,,,
TOBACCO_INDICATOR,TOBACCO_INDICATOR_W6_font_A,"Font style, font size and colour of health warnings are mandated for cigarette packaging",,,
TOBACCO_INDICATOR,TOBACCO_INDICATOR_W6_font_B,"Font style, font size and colour of health warnings are mandated for other smoked tobacco packaging",,,
TOBACCO_INDICATOR,TOBACCO_INDICATOR_W6_font_C,"Font style, font size and colour of health warnings are mandated for smokeless tobacco packaging",,,
TOBACCO_INDICATOR,TOBACCO_INDICATOR_W7_rotation_A,Health warnings on cigarette packaging must be rotated,,,
TOBACCO_INDICATOR,TOBACCO_INDICATOR_W7_rotation_B,Health warnings on other smoked tobacco packaging must be rotated,,,
TOBACCO_INDICATOR,TOBACCO_INDICATOR_W7_rotation_C,Health warnings on smokeless tobacco packaging must be rotated,,,
TOBACCO_INDICATOR,TOBACCO_INDICATOR_W8_princ_langs_A,Health warnings on cigarette packaging must be written in the principal language(s) of the country,,,
TOBACCO_INDICATOR,TOBACCO_INDICATOR_W8_princ_langs_B,Health warnings on other smoked tobacco packaging must be written in the principal language(s) of the country,,,
TOBACCO_INDICATOR,TOBACCO_INDICATOR_W8_princ_langs_C,Health warnings on smokeless tobacco packaging must be written in the principal language(s) of the country,,,
TOBACCO_INDICATOR,TOBACCO_INDICATOR_W9_no_obscure_A,Health warnings on cigarette packaging must not be obscured in any way including by required markings such as tax stamps,,,
TOBACCO_INDICATOR,TOBACCO_INDICATOR_W9_no_obscure_B,"Health warnings on other smoked tobacco packaging must not be obscured in any way including by required markings, e.g., tax stamps",,,
TOBACCO_INDICATOR,TOBACCO_INDICATOR_W9_no_obscure_C,Health warnings on smokeless tobacco packaging must not be obscured in any way including by required markings such as tax stamps,,,
TOBACCO_INDICATOR,TOBACCO_INDICATOR_W-MM_Group,Anti-tobacco mass media campaigns,,,
TOBACCO_INDICATOR,TOBACCO_INDICATOR_Youth_survey_title,Title of most recent adolescent survey,,,
TOBACCO_INDICATOR,TOBACCO_INDICATOR_Youth_svy_age_range,Age range of most recent adolescent survey,,,
TOBACCO_INDICATOR,TOBACCO_INDICATOR_Youth_svy_national,Representativeness of most recent adolescent survey,,,
TOBACCO_INDICATOR,TOBACCO_INDICATOR_Youth_svy_yr,Year of most recent adolescent survey,,,
TOBACCO_INDICATOR,TOBACCO_INDICATOR_Yth_curr_cig_smoking,Prevalence of current cigarette smoking among adolescents (%),,,
TOBACCO_INDICATOR,TOBACCO_INDICATOR_Yth_curr_e-cig,Prevalence of current e-cigarette use among adolescents (%),,,
TOBACCO_INDICATOR,TOBACCO_INDICATOR_Yth_curr_smokeless,Prevalence of current smokeless tobacco use among adolescents (%),,,
TOBACCO_INDICATOR,TOBACCO_INDICATOR_Yth_curr_tob_smoking,Prevalence of current tobacco smoking among adolescents (%),,,
TOBACCO_INDICATOR,TOBACCO_INDICATOR_Yth_curr_tob_use,Prevalence of current tobacco use among adolescents (%),,,
TOBACCO_INDICATOR,TOBACCO_INDICATOR_Yth_daily_cig_smoking,Prevalence of daily cigarette smoking among adolescents (%),,,
TOBACCO_INDICATOR,TOBACCO_INDICATOR_Yth_daily_e-cig,Prevalence of daily e-cigarette use among adolescents (%),,,
TOBACCO_INDICATOR,TOBACCO_INDICATOR_Yth_daily_smokeless,Prevalence of daily smokeless tobacco use among adolescents (%),,,
TOBACCO_INDICATOR,TOBACCO_INDICATOR_Yth_daily_tob_smoking,Prevalence of daily tobacco smoking among adolescents (%),,,
TOBACCO_INDICATOR,TOBACCO_INDICATOR_Yth_daily_tob_use,Prevalence of daily tobacco use among adolescents (%),,,
TOBACCO_INDICATOR,TOBACCO_INDICATOR_Yth_nonsmoked_age_grp,Age range of latest youth prevalence survey (nonsmoked),,,
TOBACCO_INDICATOR,TOBACCO_INDICATOR_Yth_nonsmoked_national,Representation of latest youth prevalence survey (nonsmoked),,,
TOBACCO_INDICATOR,TOBACCO_INDICATOR_Yth_nonsmoked_svy_title,Name of latest youth prevalence survey (nonsmoked),,,
TOBACCO_INDICATOR,TOBACCO_INDICATOR_Yth_nonsmoked_svy_yr,Year of latest youth prevalence survey (nonsmoked),,,
