Id,IndicatorCode,SpatialDimension,SpatialDimensionValueCode,ParentLocationCode,ParentLocation,TimeDimension,TimeDim,DisaggregatingDimension1,DisaggregatingDimension1ValueCode,DisaggregatingDimension2,DisaggregatingDimension2ValueCode,DisaggregatingDimension3,DisaggregatingDimension3ValueCode,DataSourceDimension,DataSourceDimensionValueCode,Value,NumericValue,Low,High,Comments,Date,TimeDimensionValue,TimeDimensionBegin,TimeDimensionEnd
2961511,TOBACCO_MPOWER_R_TAXADMINISTRATION,COUNTRY,AZE,EUR,Europe,YEAR,2024,TOBACCO_INDICATOR,TOBACCO_INDICATOR_R_admin_identifier_track_and_trace,,,,,,,No,,,,,2025-08-19T14:23:00Z,2024,2024-01-01,2024-12-31
2972753,TOBACCO_MPOWER_R_TAXADMINISTRATION,COUNTRY,SUR,AMR,Americas,YEAR,2024,TOBACCO_INDICATOR,TOBACCO_INDICATOR_R_admin_tax_stamps_cig,,,,,,,Yes,,,,,2025-08-19T14:23:00Z,2024,2024-01-01,2024-12-31
2973299,TOBACCO_MPOWER_R_TAXADMINISTRATION,COUNTRY,SAU,EMR,Eastern Mediterranean,YEAR,2024,TOBACCO_INDICATOR,TOBACCO_INDICATOR_R_admin_identifier_track_and_trace,,,,,,,Yes,,,,,2025-08-19T14:23:00Z,2024,2024-01-01,2024-12-31
2973877,TOBACCO_MPOWER_R_TAXADMINISTRATION,COUNTRY,ATG,AMR,Americas,YEAR,2024,TOBACCO_INDICATOR,TOBACCO_INDICATOR_R_admin_identifier_track_and_trace,,,,,,,No,,,,,2025-08-19T14:23:00Z,2024,2024-01-01,2024-12-31
2994026,TOBACCO_MPOWER_R_TAXADMINISTRATION,COUNTRY,DJI,EMR,Eastern Mediterranean,YEAR,2024,TOBACCO_INDICATOR,TOBACCO_INDICATOR_R_admin_tax_stamps_cig,,,,,,,No,,,,,2025-08-19T14:23:00Z,2024,2024-01-01,2024-12-31
3011069,TOBACCO_MPOWER_R_TAXADMINISTRATION,COUNTRY,CHE,EUR,Europe,YEAR,2024,TOBACCO_INDICATOR,TOBACCO_INDICATOR_R_admin_identifier_track_and_trace,,,,,,,No,,,,,2025-08-19T14:23:00Z,2024,2024-01-01,2024-12-31
3028227,TOBACCO_MPOWER_R_TAXADMINISTRATION,COUNTRY,CAF,AFR,Africa,YEAR,2024,TOBACCO_INDICATOR,TOBACCO_INDICATOR_R_admin_tax_stamps_cig,,,,,,,No,,,,,2025-08-19T14:23:00Z,2024,2024-01-01,2024-12-31
3034463,TOBACCO_MPOWER_R_TAXADMINISTRATION,COUNTRY,CYP,EUR,Europe,YEAR,2024,TOBACCO_INDICATOR,TOBACCO_INDICATOR_R_admin_identifier_track_and_trace,,,,,,,Yes,,,,,2025-08-19T14:23:00Z,2024,2024-01-01,2024-12-31
3102377,TOBACCO_MPOWER_R_TAXADMINISTRATION,COUNTRY,BOL,AMR,Americas,YEAR,2024,TOBACCO_INDICATOR,TOBACCO_INDICATOR_R_admin_tax_stamps_cig,,,,,,,Yes,,,,,2025-08-19T14:23:00Z,2024,2024-01-01,2024-12-31
3241146,TOBACCO_MPOWER_R_TAXADMINISTRATION,COUNTRY,JAM,AMR,Americas,YEAR,2024,TOBACCO_INDICATOR,TOBACCO_INDICATOR_R_admin_identifier_track_and_trace,,,,,,,No,,,,Data not validated by the national authorities.,2025-08-19T14:23:00Z,2024,2024-01-01,2024-12-31
3282532,TOBACCO_MPOWER_R_TAXADMINISTRATION,COUNTRY,SVK,EUR,Europe,YEAR,2024,TOBACCO_INDICATOR,TOBACCO_INDICATOR_R_admin_tax_stamps_cig,,,,,,,Yes,,,,,2025-08-19T14:23:00Z,2024,2024-01-01,2024-12-31
3314261,TOBACCO_MPOWER_R_TAXADMINISTRATION,COUNTRY,BEN,AFR,Africa,YEAR,2024,TOBACCO_INDICATOR,TOBACCO_INDICATOR_R_admin_identifier_track_and_trace,,,,,,,No,,,,Decree on track and trace system signed but not yet operational.,2025-08-19T14:23:00Z,2024,2024-01-01,2024-12-31
3315456,TOBACCO_MPOWER_R_TAXADMINISTRATION,COUNTRY,DOM,AMR,Americas,YEAR,2024,TOBACCO_INDICATOR,TOBACCO_INDICATOR_R_admin_tax_stamps_cig,,,,,,,No,,,,,2025-08-19T14:23:00Z,2024,2024-01-01,2024-12-31
3347776,TOBACCO_MPOWER_R_TAXADMINISTRATION,COUNTRY,SDN,EMR,Eastern Mediterranean,YEAR,2024,TOBACCO_INDICATOR,TOBACCO_INDICATOR_R_admin_identifier_track_and_trace,,,,,,,Yes,,,,,2025-08-19T14:23:00Z,2024,2024-01-01,2024-12-31
3359063,TOBACCO_MPOWER_R_TAXADMINISTRATION,COUNTRY,STP,AFR,Africa,YEAR,2024,TOBACCO_INDICATOR,TOBACCO_INDICATOR_R_admin_tax_stamps_cig,,,,,,,No,,,,,2025-08-19T14:23:00Z,2024,2024-01-01,2024-12-31
3364340,TOBACCO_MPOWER_R_TAXADMINISTRATION,COUNTRY,GEO,EUR,Europe,YEAR,2024,TOBACCO_INDICATOR,TOBACCO_INDICATOR_R_admin_tax_stamps_cig,,,,,,,Yes,,,,,2025-08-19T14:23:00Z,2024,2024-01-01,2024-12-31
3379459,TOBACCO_MPOWER_R_TAXADMINISTRATION,COUNTRY,KHM,WPR,Western Pacific,YEAR,2024,TOBACCO_INDICATOR,TOBACCO_INDICATOR_R_admin_identifier_track_and_trace,,,,,,,Yes,,,,,2025-08-19T14:23:00Z,2024,2024-01-01,2024-12-31
3420076,TOBACCO_MPOWER_R_TAXADMINISTRATION,COUNTRY,PRY,AMR,Americas,YEAR,2024,TOBACCO_INDICATOR,TOBACCO_INDICATOR_R_admin_tax_stamps_cig,,,,,,,Yes,,,,,2025-08-19T14:23:00Z,2024,2024-01-01,2024-12-31
3464276,TOBACCO_MPOWER_R_TAXADMINISTRATION,COUNTRY,FJI,WPR,Western Pacific,YEAR,2024,TOBACCO_INDICATOR,TOBACCO_INDICATOR_R_admin_identifier_track_and_trace,,,,,,,No,,,,,2025-08-19T14:23:00Z,2024,2024-01-01,2024-12-31
3473290,TOBACCO_MPOWER_R_TAXADMINISTRATION,COUNTRY,ECU,AMR,Americas,YEAR,2024,TOBACCO_INDICATOR,TOBACCO_INDICATOR_R_admin_identifier_track_and_trace,,,,,,,Yes,,,,,2025-08-19T14:23:00Z,2024,2024-01-01,2024-12-31
3536111,TOBACCO_MPOWER_R_TAXADMINISTRATION,COUNTRY,ARG,AMR,Americas,YEAR,2024,TOBACCO_INDICATOR,TOBACCO_INDICATOR_R_admin_tax_stamps_cig,,,,,,,Yes,,,,,2025-08-19T14:23:00Z,2024,2024-01-01,2024-12-31
3554792,TOBACCO_MPOWER_R_TAXADMINISTRATION,COUNTRY,KWT,EMR,Eastern Mediterranean,YEAR,2024,TOBACCO_INDICATOR,TOBACCO_INDICATOR_R_admin_identifier_track_and_trace,,,,,,,No,,,,,2025-08-19T14:23:00Z,2024,2024-01-01,2024-12-31
3589246,TOBACCO_MPOWER_R_TAXADMINISTRATION,COUNTRY,TKM,EUR,Europe,YEAR,2024,TOBACCO_INDICATOR,TOBACCO_INDICATOR_R_admin_tax_stamps_cig,,,,,,,Yes,,,,,2025-08-19T14:23:00Z,2024,2024-01-01,2024-12-31
3639825,TOBACCO_MPOWER_R_TAXADMINISTRATION,COUNTRY,VEN,AMR,Americas,YEAR,2024,TOBACCO_INDICATOR,TOBACCO_INDICATOR_R_admin_identifier_track_and_trace,,,,,,,No,,,,Data not validated by the national authorities.,2025-08-19T14:23:00Z,2024,2024-01-01,2024-12-31
3684867,TOBACCO_MPOWER_R_TAXADMINISTRATION,COUNTRY,AZE,EUR,Europe,YEAR,2024,TOBACCO_INDICATOR,TOBACCO_INDICATOR_R_admin_tax_stamps_cig,,,,,,,Yes,,,,,2025-08-19T14:23:00Z,2024,2024-01-01,2024-12-31
3712011,TOBACCO_MPOWER_R_TAXADMINISTRATION,COUNTRY,CAN,AMR,Americas,YEAR,2024,TOBACCO_INDICATOR,TOBACCO_INDICATOR_R_admin_tax_stamps_cig,,,,,,,Yes,,,,,2025-08-19T14:23:00Z,2024,2024-01-01,2024-12-31
3721851,TOBACCO_MPOWER_R_TAXADMINISTRATION,COUNTRY,PHL,WPR,Western Pacific,YEAR,2024,TOBACCO_INDICATOR,TOBACCO_INDICATOR_R_admin_identifier_track_and_trace,,,,,,,Yes,,,,,2025-08-19T14:23:00Z,2024,2024-01-01,2024-12-31
3728516,TOBACCO_MPOWER_R_TAXADMINISTRATION,COUNTRY,GHA,AFR,Africa,YEAR,2024,TOBACCO_INDICATOR,TOBACCO_INDICATOR_R_admin_identifier_track_and_trace,,,,,,,No,,,,,2025-08-19T14:23:00Z,2024,2024-01-01,2024-12-31
3740159,TOBACCO_MPOWER_R_TAXADMINISTRATION,COUNTRY,DEU,EUR,Europe,YEAR,2024,TOBACCO_INDICATOR,TOBACCO_INDICATOR_R_admin_identifier_track_and_trace,,,,,,,Yes,,,,,2025-08-19T14:23:00Z,2024,2024-01-01,2024-12-31
3751627,TOBACCO_MPOWER_R_TAXADMINISTRATION,COUNTRY,FJI,WPR,Western Pacific,YEAR,2024,TOBACCO_INDICATOR,TOBACCO_INDICATOR_R_admin_tax_stamps_cig,,,,,,,No,,,,,2025-08-19T14:23:00Z,2024,2024-01-01,2024-12-31
3838892,TOBACCO_MPOWER_R_TAXADMINISTRATION,COUNTRY,POL,EUR,Europe,YEAR,2024,TOBACCO_INDICATOR,TOBACCO_INDICATOR_R_admin_identifier_track_and_trace,,,,,,,Yes,,,,,2025-08-19T14:23:00Z,2024,2024-01-01,2024-12-31
3840308,TOBACCO_MPOWER_R_TAXADMINISTRATION,COUNTRY,SVN,EUR,Europe,YEAR,2024,TOBACCO_INDICATOR,TOBACCO_INDICATOR_R_admin_tax_stamps_cig,,,,,,,Yes,,,,,2025-08-19T14:23:00Z,2024,2024-01-01,2024-12-31
3845668,TOBACCO_MPOWER_R_TAXADMINISTRATION,COUNTRY,SMR,EUR,Europe,YEAR,2024,TOBACCO_INDICATOR,TOBACCO_INDICATOR_R_admin_tax_stamps_cig,,,,,,,. . .,,,,,2025-08-19T14:23:00Z,2024,2024-01-01,2024-12-31
3849447,TOBACCO_MPOWER_R_TAXADMINISTRATION,COUNTRY,MMR,SEAR,South-East Asia,YEAR,2024,TOBACCO_INDICATOR,TOBACCO_INDICATOR_R_admin_tax_stamps_cig,,,,,,,Yes,,,,,2025-08-19T14:23:00Z,2024,2024-01-01,2024-12-31
3869744,TOBACCO_MPOWER_R_TAXADMINISTRATION,COUNTRY,MYS,WPR,Western Pacific,YEAR,2024,TOBACCO_INDICATOR,TOBACCO_INDICATOR_R_admin_identifier_track_and_trace,,,,,,,No,,,,,2025-08-19T14:23:00Z,2024,2024-01-01,2024-12-31
3924088,TOBACCO_MPOWER_R_TAXADMINISTRATION,COUNTRY,KEN,AFR,Africa,YEAR,2024,TOBACCO_INDICATOR,TOBACCO_INDICATOR_R_admin_tax_stamps_cig,,,,,,,Yes,,,,,2025-08-19T14:23:00Z,2024,2024-01-01,2024-12-31
3932907,TOBACCO_MPOWER_R_TAXADMINISTRATION,COUNTRY,TCD,AFR,Africa,YEAR,2024,TOBACCO_INDICATOR,TOBACCO_INDICATOR_R_admin_tax_stamps_cig,,,,,,,No,,,,,2025-08-19T14:23:00Z,2024,2024-01-01,2024-12-31
23035,TOBACCO_MPOWER_R_TAXADMINISTRATION,COUNTRY,LUX,EUR,Europe,YEAR,2024,TOBACCO_INDICATOR,TOBACCO_INDICATOR_R_admin_tax_stamps_cig,,,,,,,Yes,,,,,2025-08-19T14:23:00Z,2024,2024-01-01,2024-12-31
84755,TOBACCO_MPOWER_R_TAXADMINISTRATION,COUNTRY,BFA,AFR,Africa,YEAR,2024,TOBACCO_INDICATOR,TOBACCO_INDICATOR_R_admin_tax_stamps_cig,,,,,,,No,,,,,2025-08-19T14:23:00Z,2024,2024-01-01,2024-12-31
98350,TOBACCO_MPOWER_R_TAXADMINISTRATION,COUNTRY,NIU,WPR,Western Pacific,YEAR,2024,TOBACCO_INDICATOR,TOBACCO_INDICATOR_R_admin_identifier_track_and_trace,,,,,,,. . .,,,,,2025-08-19T14:23:00Z,2024,2024-01-01,2024-12-31
114428,TOBACCO_MPOWER_R_TAXADMINISTRATION,COUNTRY,COG,AFR,Africa,YEAR,2024,TOBACCO_INDICATOR,TOBACCO_INDICATOR_R_admin_identifier_track_and_trace,,,,,,,Yes,,,,,2025-08-19T14:23:00Z,2024,2024-01-01,2024-12-31
132608,TOBACCO_MPOWER_R_TAXADMINISTRATION,COUNTRY,ATG,AMR,Americas,YEAR,2024,TOBACCO_INDICATOR,TOBACCO_INDICATOR_R_admin_tax_stamps_cig,,,,,,,No,,,,,2025-08-19T14:23:00Z,2024,2024-01-01,2024-12-31
188503,TOBACCO_MPOWER_R_TAXADMINISTRATION,COUNTRY,MNE,EUR,Europe,YEAR,2024,TOBACCO_INDICATOR,TOBACCO_INDICATOR_R_admin_identifier_track_and_trace,,,,,,,No,,,,,2025-08-19T14:23:00Z,2024,2024-01-01,2024-12-31
190722,TOBACCO_MPOWER_R_TAXADMINISTRATION,COUNTRY,CHL,AMR,Americas,YEAR,2024,TOBACCO_INDICATOR,TOBACCO_INDICATOR_R_admin_tax_stamps_cig,,,,,,,Yes,,,,,2025-08-19T14:23:00Z,2024,2024-01-01,2024-12-31
230786,TOBACCO_MPOWER_R_TAXADMINISTRATION,COUNTRY,KWT,EMR,Eastern Mediterranean,YEAR,2024,TOBACCO_INDICATOR,TOBACCO_INDICATOR_R_admin_tax_stamps_cig,,,,,,,No,,,,,2025-08-19T14:23:00Z,2024,2024-01-01,2024-12-31
239583,TOBACCO_MPOWER_R_TAXADMINISTRATION,COUNTRY,PLW,WPR,Western Pacific,YEAR,2024,TOBACCO_INDICATOR,TOBACCO_INDICATOR_R_admin_identifier_track_and_trace,,,,,,,No,,,,,2025-08-19T14:23:00Z,2024,2024-01-01,2024-12-31
258588,TOBACCO_MPOWER_R_TAXADMINISTRATION,COUNTRY,SVN,EUR,Europe,YEAR,2024,TOBACCO_INDICATOR,TOBACCO_INDICATOR_R_admin_identifier_track_and_trace,,,,,,,Yes,,,,,2025-08-19T14:23:00Z,2024,2024-01-01,2024-12-31
305123,TOBACCO_MPOWER_R_TAXADMINISTRATION,COUNTRY,GNQ,AFR,Africa,YEAR,2024,TOBACCO_INDICATOR,TOBACCO_INDICATOR_R_admin_tax_stamps_cig,,,,,,,No,,,,,2025-08-19T14:23:00Z,2024,2024-01-01,2024-12-31
316414,TOBACCO_MPOWER_R_TAXADMINISTRATION,COUNTRY,PRK,SEAR,South-East Asia,YEAR,2024,TOBACCO_INDICATOR,TOBACCO_INDICATOR_R_admin_tax_stamps_cig,,,,,,,. . .,,,,,2025-08-19T14:23:00Z,2024,2024-01-01,2024-12-31
331916,TOBACCO_MPOWER_R_TAXADMINISTRATION,COUNTRY,PNG,WPR,Western Pacific,YEAR,2024,TOBACCO_INDICATOR,TOBACCO_INDICATOR_R_admin_identifier_track_and_trace,,,,,,,No,,,,,2025-08-19T14:23:00Z,2024,2024-01-01,2024-12-31
336208,TOBACCO_MPOWER_R_TAXADMINISTRATION,COUNTRY,COK,WPR,Western Pacific,YEAR,2024,TOBACCO_INDICATOR,TOBACCO_INDICATOR_R_admin_tax_stamps_cig,,,,,,,No,,,,,2025-08-19T14:23:00Z,2024,2024-01-01,2024-12-31
352550,TOBACCO_MPOWER_R_TAXADMINISTRATION,COUNTRY,SVK,EUR,Europe,YEAR,2024,TOBACCO_INDICATOR,TOBACCO_INDICATOR_R_admin_identifier_track_and_trace,,,,,,,Yes,,,,,2025-08-19T14:23:00Z,2024,2024-01-01,2024-12-31
353215,TOBACCO_MPOWER_R_TAXADMINISTRATION,COUNTRY,MLI,AFR,Africa,YEAR,2024,TOBACCO_INDICATOR,TOBACCO_INDICATOR_R_admin_tax_stamps_cig,,,,,,,No,,,,,2025-08-19T14:23:00Z,2024,2024-01-01,2024-12-31
355994,TOBACCO_MPOWER_R_TAXADMINISTRATION,COUNTRY,RWA,AFR,Africa,YEAR,2024,TOBACCO_INDICATOR,TOBACCO_INDICATOR_R_admin_tax_stamps_cig,,,,,,,Yes,,,,,2025-08-19T14:23:00Z,2024,2024-01-01,2024-12-31
399742,TOBACCO_MPOWER_R_TAXADMINISTRATION,COUNTRY,FIN,EUR,Europe,YEAR,2024,TOBACCO_INDICATOR,TOBACCO_INDICATOR_R_admin_tax_stamps_cig,,,,,,,No,,,,,2025-08-19T14:23:00Z,2024,2024-01-01,2024-12-31
425875,TOBACCO_MPOWER_R_TAXADMINISTRATION,COUNTRY,ZWE,AFR,Africa,YEAR,2024,TOBACCO_INDICATOR,TOBACCO_INDICATOR_R_admin_tax_stamps_cig,,,,,,,No,,,,,2025-08-19T14:23:00Z,2024,2024-01-01,2024-12-31
426964,TOBACCO_MPOWER_R_TAXADMINISTRATION,COUNTRY,MKD,EUR,Europe,YEAR,2024,TOBACCO_INDICATOR,TOBACCO_INDICATOR_R_admin_tax_stamps_cig,,,,,,,Yes,,,,,2025-08-19T14:23:00Z,2024,2024-01-01,2024-12-31
430603,TOBACCO_MPOWER_R_TAXADMINISTRATION,COUNTRY,NLD,EUR,Europe,YEAR,2024,TOBACCO_INDICATOR,TOBACCO_INDICATOR_R_admin_identifier_track_and_trace,,,,,,,Yes,,,,,2025-08-19T14:23:00Z,2024,2024-01-01,2024-12-31
438711,TOBACCO_MPOWER_R_TAXADMINISTRATION,COUNTRY,SYC,AFR,Africa,YEAR,2024,TOBACCO_INDICATOR,TOBACCO_INDICATOR_R_admin_tax_stamps_cig,,,,,,,No,,,,,2025-08-19T14:23:00Z,2024,2024-01-01,2024-12-31
440009,TOBACCO_MPOWER_R_TAXADMINISTRATION,COUNTRY,MHL,WPR,Western Pacific,YEAR,2024,TOBACCO_INDICATOR,TOBACCO_INDICATOR_R_admin_identifier_track_and_trace,,,,,,,No,,,,,2025-08-19T14:23:00Z,2024,2024-01-01,2024-12-31
440697,TOBACCO_MPOWER_R_TAXADMINISTRATION,COUNTRY,SLE,AFR,Africa,YEAR,2024,TOBACCO_INDICATOR,TOBACCO_INDICATOR_R_admin_tax_stamps_cig,,,,,,,Yes,,,,,2025-08-19T14:23:00Z,2024,2024-01-01,2024-12-31
491448,TOBACCO_MPOWER_R_TAXADMINISTRATION,COUNTRY,GAB,AFR,Africa,YEAR,2024,TOBACCO_INDICATOR,TOBACCO_INDICATOR_R_admin_identifier_track_and_trace,,,,,,,No,,,,,2025-08-19T14:23:00Z,2024,2024-01-01,2024-12-31
493450,TOBACCO_MPOWER_R_TAXADMINISTRATION,COUNTRY,TUN,EMR,Eastern Mediterranean,YEAR,2024,TOBACCO_INDICATOR,TOBACCO_INDICATOR_R_admin_identifier_track_and_trace,,,,,,,No,,,,,2025-08-19T14:23:00Z,2024,2024-01-01,2024-12-31
504977,TOBACCO_MPOWER_R_TAXADMINISTRATION,COUNTRY,NAM,AFR,Africa,YEAR,2024,TOBACCO_INDICATOR,TOBACCO_INDICATOR_R_admin_tax_stamps_cig,,,,,,,Yes,,,,,2025-08-19T14:23:00Z,2024,2024-01-01,2024-12-31
530339,TOBACCO_MPOWER_R_TAXADMINISTRATION,COUNTRY,LTU,EUR,Europe,YEAR,2024,TOBACCO_INDICATOR,TOBACCO_INDICATOR_R_admin_identifier_track_and_trace,,,,,,,Yes,,,,,2025-08-19T14:23:00Z,2024,2024-01-01,2024-12-31
547975,TOBACCO_MPOWER_R_TAXADMINISTRATION,COUNTRY,OMN,EMR,Eastern Mediterranean,YEAR,2024,TOBACCO_INDICATOR,TOBACCO_INDICATOR_R_admin_identifier_track_and_trace,,,,,,,Yes,,,,,2025-08-19T14:23:00Z,2024,2024-01-01,2024-12-31
568539,TOBACCO_MPOWER_R_TAXADMINISTRATION,COUNTRY,NZL,WPR,Western Pacific,YEAR,2024,TOBACCO_INDICATOR,TOBACCO_INDICATOR_R_admin_tax_stamps_cig,,,,,,,No,,,,,2025-08-19T14:23:00Z,2024,2024-01-01,2024-12-31
572365,TOBACCO_MPOWER_R_TAXADMINISTRATION,COUNTRY,DZA,AFR,Africa,YEAR,2024,TOBACCO_INDICATOR,TOBACCO_INDICATOR_R_admin_identifier_track_and_trace,,,,,,,No,,,,,2025-08-19T14:23:00Z,2024,2024-01-01,2024-12-31
698212,TOBACCO_MPOWER_R_TAXADMINISTRATION,COUNTRY,GIN,AFR,Africa,YEAR,2024,TOBACCO_INDICATOR,TOBACCO_INDICATOR_R_admin_tax_stamps_cig,,,,,,,No,,,,,2025-08-19T14:23:00Z,2024,2024-01-01,2024-12-31
714706,TOBACCO_MPOWER_R_TAXADMINISTRATION,COUNTRY,ETH,AFR,Africa,YEAR,2024,TOBACCO_INDICATOR,TOBACCO_INDICATOR_R_admin_identifier_track_and_trace,,,,,,,No,,,,,2025-08-19T14:23:00Z,2024,2024-01-01,2024-12-31
715106,TOBACCO_MPOWER_R_TAXADMINISTRATION,COUNTRY,PAN,AMR,Americas,YEAR,2024,TOBACCO_INDICATOR,TOBACCO_INDICATOR_R_admin_tax_stamps_cig,,,,,,,No,,,,,2025-08-19T14:23:00Z,2024,2024-01-01,2024-12-31
753594,TOBACCO_MPOWER_R_TAXADMINISTRATION,COUNTRY,EST,EUR,Europe,YEAR,2024,TOBACCO_INDICATOR,TOBACCO_INDICATOR_R_admin_identifier_track_and_trace,,,,,,,Yes,,,,,2025-08-19T14:23:00Z,2024,2024-01-01,2024-12-31
772602,TOBACCO_MPOWER_R_TAXADMINISTRATION,COUNTRY,BOL,AMR,Americas,YEAR,2024,TOBACCO_INDICATOR,TOBACCO_INDICATOR_R_admin_identifier_track_and_trace,,,,,,,No,,,,,2025-08-19T14:23:00Z,2024,2024-01-01,2024-12-31
781253,TOBACCO_MPOWER_R_TAXADMINISTRATION,COUNTRY,URY,AMR,Americas,YEAR,2024,TOBACCO_INDICATOR,TOBACCO_INDICATOR_R_admin_tax_stamps_cig,,,,,,,No,,,,,2025-08-19T14:23:00Z,2024,2024-01-01,2024-12-31
823744,TOBACCO_MPOWER_R_TAXADMINISTRATION,COUNTRY,AUS,WPR,Western Pacific,YEAR,2024,TOBACCO_INDICATOR,TOBACCO_INDICATOR_R_admin_identifier_track_and_trace,,,,,,,No,,,,,2025-08-19T14:23:00Z,2024,2024-01-01,2024-12-31
844484,TOBACCO_MPOWER_R_TAXADMINISTRATION,COUNTRY,GTM,AMR,Americas,YEAR,2024,TOBACCO_INDICATOR,TOBACCO_INDICATOR_R_admin_tax_stamps_cig,,,,,,,No,,,,,2025-08-19T14:23:00Z,2024,2024-01-01,2024-12-31
855067,TOBACCO_MPOWER_R_TAXADMINISTRATION,COUNTRY,IRN,EMR,Eastern Mediterranean,YEAR,2024,TOBACCO_INDICATOR,TOBACCO_INDICATOR_R_admin_tax_stamps_cig,,,,,,,No,,,,,2025-08-19T14:23:00Z,2024,2024-01-01,2024-12-31
952192,TOBACCO_MPOWER_R_TAXADMINISTRATION,COUNTRY,VEN,AMR,Americas,YEAR,2024,TOBACCO_INDICATOR,TOBACCO_INDICATOR_R_admin_tax_stamps_cig,,,,,,,No,,,,Data not validated by the national authorities.,2025-08-19T14:23:00Z,2024,2024-01-01,2024-12-31
955665,TOBACCO_MPOWER_R_TAXADMINISTRATION,COUNTRY,CRI,AMR,Americas,YEAR,2024,TOBACCO_INDICATOR,TOBACCO_INDICATOR_R_admin_identifier_track_and_trace,,,,,,,No,,,,,2025-08-19T14:23:00Z,2024,2024-01-01,2024-12-31
1073012,TOBACCO_MPOWER_R_TAXADMINISTRATION,COUNTRY,ITA,EUR,Europe,YEAR,2024,TOBACCO_INDICATOR,TOBACCO_INDICATOR_R_admin_identifier_track_and_trace,,,,,,,Yes,,,,,2025-08-19T14:23:00Z,2024,2024-01-01,2024-12-31
1075287,TOBACCO_MPOWER_R_TAXADMINISTRATION,COUNTRY,GNB,AFR,Africa,YEAR,2024,TOBACCO_INDICATOR,TOBACCO_INDICATOR_R_admin_identifier_track_and_trace,,,,,,,No,,,,,2025-08-19T14:23:00Z,2024,2024-01-01,2024-12-31
1087188,TOBACCO_MPOWER_R_TAXADMINISTRATION,COUNTRY,IRL,EUR,Europe,YEAR,2024,TOBACCO_INDICATOR,TOBACCO_INDICATOR_R_admin_tax_stamps_cig,,,,,,,Yes,,,,,2025-08-19T14:23:00Z,2024,2024-01-01,2024-12-31
1125113,TOBACCO_MPOWER_R_TAXADMINISTRATION,COUNTRY,KEN,AFR,Africa,YEAR,2024,TOBACCO_INDICATOR,TOBACCO_INDICATOR_R_admin_identifier_track_and_trace,,,,,,,No,,,,,2025-08-19T14:23:00Z,2024,2024-01-01,2024-12-31
1145679,TOBACCO_MPOWER_R_TAXADMINISTRATION,COUNTRY,IDN,WPR,Western Pacific,YEAR,2024,TOBACCO_INDICATOR,TOBACCO_INDICATOR_R_admin_tax_stamps_cig,,,,,,,Yes,,,,,2025-08-19T14:23:00Z,2024,2024-01-01,2024-12-31
1230419,TOBACCO_MPOWER_R_TAXADMINISTRATION,COUNTRY,WSM,WPR,Western Pacific,YEAR,2024,TOBACCO_INDICATOR,TOBACCO_INDICATOR_R_admin_identifier_track_and_trace,,,,,,,No,,,,,2025-08-19T14:23:00Z,2024,2024-01-01,2024-12-31
1234413,TOBACCO_MPOWER_R_TAXADMINISTRATION,COUNTRY,MNG,WPR,Western Pacific,YEAR,2024,TOBACCO_INDICATOR,TOBACCO_INDICATOR_R_admin_tax_stamps_cig,,,,,,,Yes,,,,,2025-08-19T14:23:00Z,2024,2024-01-01,2024-12-31
1255628,TOBACCO_MPOWER_R_TAXADMINISTRATION,COUNTRY,SRB,EUR,Europe,YEAR,2024,TOBACCO_INDICATOR,TOBACCO_INDICATOR_R_admin_identifier_track_and_trace,,,,,,,No,,,,,2025-08-19T14:23:00Z,2024,2024-01-01,2024-12-31
1284185,TOBACCO_MPOWER_R_TAXADMINISTRATION,COUNTRY,GRD,AMR,Americas,YEAR,2024,TOBACCO_INDICATOR,TOBACCO_INDICATOR_R_admin_identifier_track_and_trace,,,,,,,No,,,,,2025-08-19T14:23:00Z,2024,2024-01-01,2024-12-31
1316301,TOBACCO_MPOWER_R_TAXADMINISTRATION,COUNTRY,CHN,WPR,Western Pacific,YEAR,2024,TOBACCO_INDICATOR,TOBACCO_INDICATOR_R_admin_tax_stamps_cig,,,,,,,No,,,,,2025-08-19T14:23:00Z,2024,2024-01-01,2024-12-31
1341395,TOBACCO_MPOWER_R_TAXADMINISTRATION,COUNTRY,DMA,AMR,Americas,YEAR,2024,TOBACCO_INDICATOR,TOBACCO_INDICATOR_R_admin_tax_stamps_cig,,,,,,,No,,,,,2025-08-19T14:23:00Z,2024,2024-01-01,2024-12-31
1352852,TOBACCO_MPOWER_R_TAXADMINISTRATION,COUNTRY,CMR,AFR,Africa,YEAR,2024,TOBACCO_INDICATOR,TOBACCO_INDICATOR_R_admin_tax_stamps_cig,,,,,,,Yes,,,,,2025-08-19T14:23:00Z,2024,2024-01-01,2024-12-31
1356573,TOBACCO_MPOWER_R_TAXADMINISTRATION,COUNTRY,PHL,WPR,Western Pacific,YEAR,2024,TOBACCO_INDICATOR,TOBACCO_INDICATOR_R_admin_tax_stamps_cig,,,,,,,Yes,,,,,2025-08-19T14:23:00Z,2024,2024-01-01,2024-12-31
1372227,TOBACCO_MPOWER_R_TAXADMINISTRATION,COUNTRY,MDA,EUR,Europe,YEAR,2024,TOBACCO_INDICATOR,TOBACCO_INDICATOR_R_admin_identifier_track_and_trace,,,,,,,No,,,,,2025-08-19T14:23:00Z,2024,2024-01-01,2024-12-31
1398765,TOBACCO_MPOWER_R_TAXADMINISTRATION,COUNTRY,TLS,SEAR,South-East Asia,YEAR,2024,TOBACCO_INDICATOR,TOBACCO_INDICATOR_R_admin_identifier_track_and_trace,,,,,,,No,,,,,2025-08-19T14:23:00Z,2024,2024-01-01,2024-12-31
1403224,TOBACCO_MPOWER_R_TAXADMINISTRATION,COUNTRY,BRN,WPR,Western Pacific,YEAR,2024,TOBACCO_INDICATOR,TOBACCO_INDICATOR_R_admin_identifier_track_and_trace,,,,,,,No,,,,,2025-08-19T14:23:00Z,2024,2024-01-01,2024-12-31
1404085,TOBACCO_MPOWER_R_TAXADMINISTRATION,COUNTRY,CHN,WPR,Western Pacific,YEAR,2024,TOBACCO_INDICATOR,TOBACCO_INDICATOR_R_admin_identifier_track_and_trace,,,,,,,No,,,,,2025-08-19T14:23:00Z,2024,2024-01-01,2024-12-31
1427151,TOBACCO_MPOWER_R_TAXADMINISTRATION,COUNTRY,MDG,AFR,Africa,YEAR,2024,TOBACCO_INDICATOR,TOBACCO_INDICATOR_R_admin_identifier_track_and_trace,,,,,,,No,,,,,2025-08-19T14:23:00Z,2024,2024-01-01,2024-12-31
1466022,TOBACCO_MPOWER_R_TAXADMINISTRATION,COUNTRY,SLB,WPR,Western Pacific,YEAR,2024,TOBACCO_INDICATOR,TOBACCO_INDICATOR_R_admin_tax_stamps_cig,,,,,,,No,,,,,2025-08-19T14:23:00Z,2024,2024-01-01,2024-12-31
1533821,TOBACCO_MPOWER_R_TAXADMINISTRATION,COUNTRY,PRT,EUR,Europe,YEAR,2024,TOBACCO_INDICATOR,TOBACCO_INDICATOR_R_admin_tax_stamps_cig,,,,,,,Yes,,,,,2025-08-19T14:23:00Z,2024,2024-01-01,2024-12-31
1556239,TOBACCO_MPOWER_R_TAXADMINISTRATION,COUNTRY,BWA,AFR,Africa,YEAR,2024,TOBACCO_INDICATOR,TOBACCO_INDICATOR_R_admin_tax_stamps_cig,,,,,,,No,,,,,2025-08-19T14:23:00Z,2024,2024-01-01,2024-12-31
1556945,TOBACCO_MPOWER_R_TAXADMINISTRATION,COUNTRY,CZE,EUR,Europe,YEAR,2024,TOBACCO_INDICATOR,TOBACCO_INDICATOR_R_admin_identifier_track_and_trace,,,,,,,Yes,,,,,2025-08-19T14:23:00Z,2024,2024-01-01,2024-12-31
1565533,TOBACCO_MPOWER_R_TAXADMINISTRATION,COUNTRY,ISL,EUR,Europe,YEAR,2024,TOBACCO_INDICATOR,TOBACCO_INDICATOR_R_admin_tax_stamps_cig,,,,,,,No,,,,,2025-08-19T14:23:00Z,2024,2024-01-01,2024-12-31
1573126,TOBACCO_MPOWER_R_TAXADMINISTRATION,COUNTRY,THA,SEAR,South-East Asia,YEAR,2024,TOBACCO_INDICATOR,TOBACCO_INDICATOR_R_admin_tax_stamps_cig,,,,,,,Yes,,,,,2025-08-19T14:23:00Z,2024,2024-01-01,2024-12-31
1581065,TOBACCO_MPOWER_R_TAXADMINISTRATION,COUNTRY,GMB,AFR,Africa,YEAR,2024,TOBACCO_INDICATOR,TOBACCO_INDICATOR_R_admin_tax_stamps_cig,,,,,,,Yes,,,,,2025-08-19T14:23:00Z,2024,2024-01-01,2024-12-31
1611552,TOBACCO_MPOWER_R_TAXADMINISTRATION,COUNTRY,ARM,EUR,Europe,YEAR,2024,TOBACCO_INDICATOR,TOBACCO_INDICATOR_R_admin_identifier_track_and_trace,,,,,,,Yes,,,,,2025-08-19T14:23:00Z,2024,2024-01-01,2024-12-31
1621708,TOBACCO_MPOWER_R_TAXADMINISTRATION,COUNTRY,MCO,EUR,Europe,YEAR,2024,TOBACCO_INDICATOR,TOBACCO_INDICATOR_R_admin_identifier_track_and_trace,,,,,,,No,,,,,2025-08-19T14:23:00Z,2024,2024-01-01,2024-12-31
1622040,TOBACCO_MPOWER_R_TAXADMINISTRATION,COUNTRY,BIH,EUR,Europe,YEAR,2024,TOBACCO_INDICATOR,TOBACCO_INDICATOR_R_admin_tax_stamps_cig,,,,,,,Yes,,,,,2025-08-19T14:23:00Z,2024,2024-01-01,2024-12-31
1626390,TOBACCO_MPOWER_R_TAXADMINISTRATION,COUNTRY,BLR,EUR,Europe,YEAR,2024,TOBACCO_INDICATOR,TOBACCO_INDICATOR_R_admin_identifier_track_and_trace,,,,,,,No,,,,,2025-08-19T14:23:00Z,2024,2024-01-01,2024-12-31
1648559,TOBACCO_MPOWER_R_TAXADMINISTRATION,COUNTRY,PAK,EMR,Eastern Mediterranean,YEAR,2024,TOBACCO_INDICATOR,TOBACCO_INDICATOR_R_admin_identifier_track_and_trace,,,,,,,Yes,,,,,2025-08-19T14:23:00Z,2024,2024-01-01,2024-12-31
1654289,TOBACCO_MPOWER_R_TAXADMINISTRATION,COUNTRY,NER,AFR,Africa,YEAR,2024,TOBACCO_INDICATOR,TOBACCO_INDICATOR_R_admin_identifier_track_and_trace,,,,,,,No,,,,,2025-08-19T14:23:00Z,2024,2024-01-01,2024-12-31
1661805,TOBACCO_MPOWER_R_TAXADMINISTRATION,COUNTRY,GBR,EUR,Europe,YEAR,2024,TOBACCO_INDICATOR,TOBACCO_INDICATOR_R_admin_identifier_track_and_trace,,,,,,,Yes,,,,,2025-08-19T14:23:00Z,2024,2024-01-01,2024-12-31
1709176,TOBACCO_MPOWER_R_TAXADMINISTRATION,COUNTRY,KHM,WPR,Western Pacific,YEAR,2024,TOBACCO_INDICATOR,TOBACCO_INDICATOR_R_admin_tax_stamps_cig,,,,,,,Yes,,,,,2025-08-19T14:23:00Z,2024,2024-01-01,2024-12-31
1744552,TOBACCO_MPOWER_R_TAXADMINISTRATION,COUNTRY,IDN,WPR,Western Pacific,YEAR,2024,TOBACCO_INDICATOR,TOBACCO_INDICATOR_R_admin_identifier_track_and_trace,,,,,,,No,,,,,2025-08-19T14:23:00Z,2024,2024-01-01,2024-12-31
1759699,TOBACCO_MPOWER_R_TAXADMINISTRATION,COUNTRY,LUX,EUR,Europe,YEAR,2024,TOBACCO_INDICATOR,TOBACCO_INDICATOR_R_admin_identifier_track_and_trace,,,,,,,Yes,,,,,2025-08-19T14:23:00Z,2024,2024-01-01,2024-12-31
1762607,TOBACCO_MPOWER_R_TAXADMINISTRATION,COUNTRY,BHS,AMR,Americas,YEAR,2024,TOBACCO_INDICATOR,TOBACCO_INDICATOR_R_admin_tax_stamps_cig,,,,,,,Yes,,,,,2025-08-19T14:23:00Z,2024,2024-01-01,2024-12-31
1783565,TOBACCO_MPOWER_R_TAXADMINISTRATION,COUNTRY,MKD,EUR,Europe,YEAR,2024,TOBACCO_INDICATOR,TOBACCO_INDICATOR_R_admin_identifier_track_and_trace,,,,,,,No,,,,,2025-08-19T14:23:00Z,2024,2024-01-01,2024-12-31
1801826,TOBACCO_MPOWER_R_TAXADMINISTRATION,COUNTRY,NRU,WPR,Western Pacific,YEAR,2024,TOBACCO_INDICATOR,TOBACCO_INDICATOR_R_admin_identifier_track_and_trace,,,,,,,No,,,,,2025-08-19T14:23:00Z,2024,2024-01-01,2024-12-31
1802049,TOBACCO_MPOWER_R_TAXADMINISTRATION,COUNTRY,MAR,EMR,Eastern Mediterranean,YEAR,2024,TOBACCO_INDICATOR,TOBACCO_INDICATOR_R_admin_identifier_track_and_trace,,,,,,,Yes,,,,,2025-08-19T14:23:00Z,2024,2024-01-01,2024-12-31
1805063,TOBACCO_MPOWER_R_TAXADMINISTRATION,COUNTRY,MEX,AMR,Americas,YEAR,2024,TOBACCO_INDICATOR,TOBACCO_INDICATOR_R_admin_identifier_track_and_trace,,,,,,,Yes,,,,,2025-08-19T14:23:00Z,2024,2024-01-01,2024-12-31
1850089,TOBACCO_MPOWER_R_TAXADMINISTRATION,COUNTRY,MLI,AFR,Africa,YEAR,2024,TOBACCO_INDICATOR,TOBACCO_INDICATOR_R_admin_identifier_track_and_trace,,,,,,,No,,,,,2025-08-19T14:23:00Z,2024,2024-01-01,2024-12-31
1852044,TOBACCO_MPOWER_R_TAXADMINISTRATION,COUNTRY,COL,AMR,Americas,YEAR,2024,TOBACCO_INDICATOR,TOBACCO_INDICATOR_R_admin_identifier_track_and_trace,,,,,,,No,,,,,2025-08-19T14:23:00Z,2024,2024-01-01,2024-12-31
1891645,TOBACCO_MPOWER_R_TAXADMINISTRATION,COUNTRY,COG,AFR,Africa,YEAR,2024,TOBACCO_INDICATOR,TOBACCO_INDICATOR_R_admin_tax_stamps_cig,,,,,,,Yes,,,,,2025-08-19T14:23:00Z,2024,2024-01-01,2024-12-31
1929792,TOBACCO_MPOWER_R_TAXADMINISTRATION,COUNTRY,NOR,EUR,Europe,YEAR,2024,TOBACCO_INDICATOR,TOBACCO_INDICATOR_R_admin_tax_stamps_cig,,,,,,,No,,,,,2025-08-19T14:23:00Z,2024,2024-01-01,2024-12-31
1936187,TOBACCO_MPOWER_R_TAXADMINISTRATION,COUNTRY,LBN,EMR,Eastern Mediterranean,YEAR,2024,TOBACCO_INDICATOR,TOBACCO_INDICATOR_R_admin_tax_stamps_cig,,,,,,,No,,,,,2025-08-19T14:23:00Z,2024,2024-01-01,2024-12-31
1945423,TOBACCO_MPOWER_R_TAXADMINISTRATION,COUNTRY,CAN,AMR,Americas,YEAR,2024,TOBACCO_INDICATOR,TOBACCO_INDICATOR_R_admin_identifier_track_and_trace,,,,,,,No,,,,,2025-08-19T14:23:00Z,2024,2024-01-01,2024-12-31
1977360,TOBACCO_MPOWER_R_TAXADMINISTRATION,COUNTRY,ROU,EUR,Europe,YEAR,2024,TOBACCO_INDICATOR,TOBACCO_INDICATOR_R_admin_identifier_track_and_trace,,,,,,,Yes,,,,,2025-08-19T14:23:00Z,2024,2024-01-01,2024-12-31
2001775,TOBACCO_MPOWER_R_TAXADMINISTRATION,COUNTRY,SOM,EMR,Eastern Mediterranean,YEAR,2024,TOBACCO_INDICATOR,TOBACCO_INDICATOR_R_admin_tax_stamps_cig,,,,,,,0,0,,,,2025-08-19T14:23:00Z,2024,2024-01-01,2024-12-31
2077186,TOBACCO_MPOWER_R_TAXADMINISTRATION,COUNTRY,VUT,WPR,Western Pacific,YEAR,2024,TOBACCO_INDICATOR,TOBACCO_INDICATOR_R_admin_identifier_track_and_trace,,,,,,,No,,,,,2025-08-19T14:23:00Z,2024,2024-01-01,2024-12-31
2129307,TOBACCO_MPOWER_R_TAXADMINISTRATION,COUNTRY,SYC,AFR,Africa,YEAR,2024,TOBACCO_INDICATOR,TOBACCO_INDICATOR_R_admin_identifier_track_and_trace,,,,,,,No,,,,,2025-08-19T14:23:00Z,2024,2024-01-01,2024-12-31
2147507,TOBACCO_MPOWER_R_TAXADMINISTRATION,COUNTRY,IRQ,EMR,Eastern Mediterranean,YEAR,2024,TOBACCO_INDICATOR,TOBACCO_INDICATOR_R_admin_tax_stamps_cig,,,,,,,No,,,,,2025-08-19T14:23:00Z,2024,2024-01-01,2024-12-31
2159031,TOBACCO_MPOWER_R_TAXADMINISTRATION,COUNTRY,VCT,AMR,Americas,YEAR,2024,TOBACCO_INDICATOR,TOBACCO_INDICATOR_R_admin_tax_stamps_cig,,,,,,,No,,,,,2025-08-19T14:23:00Z,2024,2024-01-01,2024-12-31
2160380,TOBACCO_MPOWER_R_TAXADMINISTRATION,COUNTRY,UGA,AFR,Africa,YEAR,2024,TOBACCO_INDICATOR,TOBACCO_INDICATOR_R_admin_identifier_track_and_trace,,,,,,,No,,,,,2025-08-19T14:23:00Z,2024,2024-01-01,2024-12-31
2160384,TOBACCO_MPOWER_R_TAXADMINISTRATION,COUNTRY,MRT,AFR,Africa,YEAR,2024,TOBACCO_INDICATOR,TOBACCO_INDICATOR_R_admin_identifier_track_and_trace,,,,,,,No,,,,,2025-08-19T14:23:00Z,2024,2024-01-01,2024-12-31
2168257,TOBACCO_MPOWER_R_TAXADMINISTRATION,COUNTRY,GAB,AFR,Africa,YEAR,2024,TOBACCO_INDICATOR,TOBACCO_INDICATOR_R_admin_tax_stamps_cig,,,,,,,No,,,,,2025-08-19T14:23:00Z,2024,2024-01-01,2024-12-31
2181839,TOBACCO_MPOWER_R_TAXADMINISTRATION,COUNTRY,BRA,AMR,Americas,YEAR,2024,TOBACCO_INDICATOR,TOBACCO_INDICATOR_R_admin_identifier_track_and_trace,,,,,,,Yes,,,,,2025-08-19T14:23:00Z,2024,2024-01-01,2024-12-31
2223199,TOBACCO_MPOWER_R_TAXADMINISTRATION,COUNTRY,BIH,EUR,Europe,YEAR,2024,TOBACCO_INDICATOR,TOBACCO_INDICATOR_R_admin_identifier_track_and_trace,,,,,,,No,,,,,2025-08-19T14:23:00Z,2024,2024-01-01,2024-12-31
2230878,TOBACCO_MPOWER_R_TAXADMINISTRATION,COUNTRY,COM,AFR,Africa,YEAR,2024,TOBACCO_INDICATOR,TOBACCO_INDICATOR_R_admin_identifier_track_and_trace,,,,,,,No,,,,,2025-08-19T14:23:00Z,2024,2024-01-01,2024-12-31
2231644,TOBACCO_MPOWER_R_TAXADMINISTRATION,COUNTRY,FRA,EUR,Europe,YEAR,2024,TOBACCO_INDICATOR,TOBACCO_INDICATOR_R_admin_identifier_track_and_trace,,,,,,,Yes,,,,,2025-08-19T14:23:00Z,2024,2024-01-01,2024-12-31
2245045,TOBACCO_MPOWER_R_TAXADMINISTRATION,COUNTRY,MMR,SEAR,South-East Asia,YEAR,2024,TOBACCO_INDICATOR,TOBACCO_INDICATOR_R_admin_identifier_track_and_trace,,,,,,,Yes,,,,,2025-08-19T14:23:00Z,2024,2024-01-01,2024-12-31
2257065,TOBACCO_MPOWER_R_TAXADMINISTRATION,COUNTRY,HUN,EUR,Europe,YEAR,2024,TOBACCO_INDICATOR,TOBACCO_INDICATOR_R_admin_tax_stamps_cig,,,,,,,Yes,,,,,2025-08-19T14:23:00Z,2024,2024-01-01,2024-12-31
2271288,TOBACCO_MPOWER_R_TAXADMINISTRATION,COUNTRY,TJK,EUR,Europe,YEAR,2024,TOBACCO_INDICATOR,TOBACCO_INDICATOR_R_admin_tax_stamps_cig,,,,,,,Yes,,,,,2025-08-19T14:23:00Z,2024,2024-01-01,2024-12-31
2276900,TOBACCO_MPOWER_R_TAXADMINISTRATION,COUNTRY,GIN,AFR,Africa,YEAR,2024,TOBACCO_INDICATOR,TOBACCO_INDICATOR_R_admin_identifier_track_and_trace,,,,,,,No,,,,,2025-08-19T14:23:00Z,2024,2024-01-01,2024-12-31
2292547,TOBACCO_MPOWER_R_TAXADMINISTRATION,COUNTRY,IND,SEAR,South-East Asia,YEAR,2024,TOBACCO_INDICATOR,TOBACCO_INDICATOR_R_admin_tax_stamps_cig,,,,,,,No,,,,,2025-08-19T14:23:00Z,2024,2024-01-01,2024-12-31
2331533,TOBACCO_MPOWER_R_TAXADMINISTRATION,COUNTRY,CMR,AFR,Africa,YEAR,2024,TOBACCO_INDICATOR,TOBACCO_INDICATOR_R_admin_identifier_track_and_trace,,,,,,,No,,,,,2025-08-19T14:23:00Z,2024,2024-01-01,2024-12-31
2349968,TOBACCO_MPOWER_R_TAXADMINISTRATION,COUNTRY,NIC,AMR,Americas,YEAR,2024,TOBACCO_INDICATOR,TOBACCO_INDICATOR_R_admin_identifier_track_and_trace,,,,,,,. . .,,,,,2025-08-19T14:23:00Z,2024,2024-01-01,2024-12-31
2363311,TOBACCO_MPOWER_R_TAXADMINISTRATION,COUNTRY,AND,EUR,Europe,YEAR,2024,TOBACCO_INDICATOR,TOBACCO_INDICATOR_R_admin_tax_stamps_cig,,,,,,,No,,,,,2025-08-19T14:23:00Z,2024,2024-01-01,2024-12-31
2382915,TOBACCO_MPOWER_R_TAXADMINISTRATION,COUNTRY,AGO,AFR,Africa,YEAR,2024,TOBACCO_INDICATOR,TOBACCO_INDICATOR_R_admin_identifier_track_and_trace,,,,,,,. . .,,,,,2025-08-19T14:23:00Z,2024,2024-01-01,2024-12-31
2402726,TOBACCO_MPOWER_R_TAXADMINISTRATION,COUNTRY,NPL,SEAR,South-East Asia,YEAR,2024,TOBACCO_INDICATOR,TOBACCO_INDICATOR_R_admin_identifier_track_and_trace,,,,,,,Yes,,,,,2025-08-19T14:23:00Z,2024,2024-01-01,2024-12-31
2411394,TOBACCO_MPOWER_R_TAXADMINISTRATION,COUNTRY,EGY,EMR,Eastern Mediterranean,YEAR,2024,TOBACCO_INDICATOR,TOBACCO_INDICATOR_R_admin_tax_stamps_cig,,,,,,,Yes,,,,,2025-08-19T14:23:00Z,2024,2024-01-01,2024-12-31
2470550,TOBACCO_MPOWER_R_TAXADMINISTRATION,COUNTRY,NIU,WPR,Western Pacific,YEAR,2024,TOBACCO_INDICATOR,TOBACCO_INDICATOR_R_admin_tax_stamps_cig,,,,,,,. . .,,,,,2025-08-19T14:23:00Z,2024,2024-01-01,2024-12-31
2493056,TOBACCO_MPOWER_R_TAXADMINISTRATION,COUNTRY,TGO,AFR,Africa,YEAR,2024,TOBACCO_INDICATOR,TOBACCO_INDICATOR_R_admin_tax_stamps_cig,,,,,,,Yes,,,,,2025-08-19T14:23:00Z,2024,2024-01-01,2024-12-31
2530718,TOBACCO_MPOWER_R_TAXADMINISTRATION,COUNTRY,PRY,AMR,Americas,YEAR,2024,TOBACCO_INDICATOR,TOBACCO_INDICATOR_R_admin_identifier_track_and_trace,,,,,,,No,,,,,2025-08-19T14:23:00Z,2024,2024-01-01,2024-12-31
2585338,TOBACCO_MPOWER_R_TAXADMINISTRATION,COUNTRY,MDV,SEAR,South-East Asia,YEAR,2024,TOBACCO_INDICATOR,TOBACCO_INDICATOR_R_admin_tax_stamps_cig,,,,,,,No,,,,,2025-08-19T14:23:00Z,2024,2024-01-01,2024-12-31
2629013,TOBACCO_MPOWER_R_TAXADMINISTRATION,COUNTRY,GNB,AFR,Africa,YEAR,2024,TOBACCO_INDICATOR,TOBACCO_INDICATOR_R_admin_tax_stamps_cig,,,,,,,No,,,,,2025-08-19T14:23:00Z,2024,2024-01-01,2024-12-31
2690034,TOBACCO_MPOWER_R_TAXADMINISTRATION,COUNTRY,UKR,EUR,Europe,YEAR,2024,TOBACCO_INDICATOR,TOBACCO_INDICATOR_R_admin_identifier_track_and_trace,,,,,,,No,,,,,2025-08-19T14:23:00Z,2024,2024-01-01,2024-12-31
2734276,TOBACCO_MPOWER_R_TAXADMINISTRATION,COUNTRY,UZB,EUR,Europe,YEAR,2024,TOBACCO_INDICATOR,TOBACCO_INDICATOR_R_admin_tax_stamps_cig,,,,,,,Yes,,,,,2025-08-19T14:23:00Z,2024,2024-01-01,2024-12-31
2776878,TOBACCO_MPOWER_R_TAXADMINISTRATION,COUNTRY,PER,AMR,Americas,YEAR,2024,TOBACCO_INDICATOR,TOBACCO_INDICATOR_R_admin_tax_stamps_cig,,,,,,,No,,,,,2025-08-19T14:23:00Z,2024,2024-01-01,2024-12-31
2850815,TOBACCO_MPOWER_R_TAXADMINISTRATION,COUNTRY,ZMB,AFR,Africa,YEAR,2024,TOBACCO_INDICATOR,TOBACCO_INDICATOR_R_admin_identifier_track_and_trace,,,,,,,No,,,,,2025-08-19T14:23:00Z,2024,2024-01-01,2024-12-31
2925913,TOBACCO_MPOWER_R_TAXADMINISTRATION,COUNTRY,COK,WPR,Western Pacific,YEAR,2024,TOBACCO_INDICATOR,TOBACCO_INDICATOR_R_admin_identifier_track_and_trace,,,,,,,Yes,,,,,2025-08-19T14:23:00Z,2024,2024-01-01,2024-12-31
3992233,TOBACCO_MPOWER_R_TAXADMINISTRATION,COUNTRY,FSM,WPR,Western Pacific,YEAR,2024,TOBACCO_INDICATOR,TOBACCO_INDICATOR_R_admin_identifier_track_and_trace,,,,,,,No,,,,,2025-08-19T14:23:00Z,2024,2024-01-01,2024-12-31
4006420,TOBACCO_MPOWER_R_TAXADMINISTRATION,COUNTRY,HTI,AMR,Americas,YEAR,2024,TOBACCO_INDICATOR,TOBACCO_INDICATOR_R_admin_identifier_track_and_trace,,,,,,,. . .,,,,,2025-08-19T14:23:00Z,2024,2024-01-01,2024-12-31
4125120,TOBACCO_MPOWER_R_TAXADMINISTRATION,COUNTRY,ISR,EUR,Europe,YEAR,2024,TOBACCO_INDICATOR,TOBACCO_INDICATOR_R_admin_tax_stamps_cig,,,,,,,No,,,,,2025-08-19T14:23:00Z,2024,2024-01-01,2024-12-31
4162509,TOBACCO_MPOWER_R_TAXADMINISTRATION,COUNTRY,SWZ,AFR,Africa,YEAR,2024,TOBACCO_INDICATOR,TOBACCO_INDICATOR_R_admin_tax_stamps_cig,,,,,,,No,,,,,2025-08-19T14:23:00Z,2024,2024-01-01,2024-12-31
4269450,TOBACCO_MPOWER_R_TAXADMINISTRATION,COUNTRY,MDA,EUR,Europe,YEAR,2024,TOBACCO_INDICATOR,TOBACCO_INDICATOR_R_admin_tax_stamps_cig,,,,,,,Yes,,,,,2025-08-19T14:23:00Z,2024,2024-01-01,2024-12-31
4297268,TOBACCO_MPOWER_R_TAXADMINISTRATION,COUNTRY,BHR,EMR,Eastern Mediterranean,YEAR,2024,TOBACCO_INDICATOR,TOBACCO_INDICATOR_R_admin_tax_stamps_cig,,,,,,,Yes,,,,,2025-08-19T14:23:00Z,2024,2024-01-01,2024-12-31
4299993,TOBACCO_MPOWER_R_TAXADMINISTRATION,COUNTRY,KAZ,EUR,Europe,YEAR,2024,TOBACCO_INDICATOR,TOBACCO_INDICATOR_R_admin_tax_stamps_cig,,,,,,,Yes,,,,,2025-08-19T14:23:00Z,2024,2024-01-01,2024-12-31
4342220,TOBACCO_MPOWER_R_TAXADMINISTRATION,COUNTRY,UGA,AFR,Africa,YEAR,2024,TOBACCO_INDICATOR,TOBACCO_INDICATOR_R_admin_tax_stamps_cig,,,,,,,Yes,,,,,2025-08-19T14:23:00Z,2024,2024-01-01,2024-12-31
4389035,TOBACCO_MPOWER_R_TAXADMINISTRATION,COUNTRY,ECU,AMR,Americas,YEAR,2024,TOBACCO_INDICATOR,TOBACCO_INDICATOR_R_admin_tax_stamps_cig,,,,,,,Yes,,,,,2025-08-19T14:23:00Z,2024,2024-01-01,2024-12-31
4402250,TOBACCO_MPOWER_R_TAXADMINISTRATION,COUNTRY,SLV,AMR,Americas,YEAR,2024,TOBACCO_INDICATOR,TOBACCO_INDICATOR_R_admin_identifier_track_and_trace,,,,,,,No,,,,,2025-08-19T14:23:00Z,2024,2024-01-01,2024-12-31
4562143,TOBACCO_MPOWER_R_TAXADMINISTRATION,COUNTRY,EST,EUR,Europe,YEAR,2024,TOBACCO_INDICATOR,TOBACCO_INDICATOR_R_admin_tax_stamps_cig,,,,,,,Yes,,,,,2025-08-19T14:23:00Z,2024,2024-01-01,2024-12-31
4573062,TOBACCO_MPOWER_R_TAXADMINISTRATION,COUNTRY,LBR,AFR,Africa,YEAR,2024,TOBACCO_INDICATOR,TOBACCO_INDICATOR_R_admin_identifier_track_and_trace,,,,,,,No,,,,,2025-08-19T14:23:00Z,2024,2024-01-01,2024-12-31
4580132,TOBACCO_MPOWER_R_TAXADMINISTRATION,COUNTRY,ZMB,AFR,Africa,YEAR,2024,TOBACCO_INDICATOR,TOBACCO_INDICATOR_R_admin_tax_stamps_cig,,,,,,,Yes,,,,,2025-08-19T14:23:00Z,2024,2024-01-01,2024-12-31
4635847,TOBACCO_MPOWER_R_TAXADMINISTRATION,COUNTRY,BGD,SEAR,South-East Asia,YEAR,2024,TOBACCO_INDICATOR,TOBACCO_INDICATOR_R_admin_identifier_track_and_trace,,,,,,,No,,,,,2025-08-19T14:23:00Z,2024,2024-01-01,2024-12-31
4755195,TOBACCO_MPOWER_R_TAXADMINISTRATION,COUNTRY,HND,AMR,Americas,YEAR,2024,TOBACCO_INDICATOR,TOBACCO_INDICATOR_R_admin_identifier_track_and_trace,,,,,,,No,,,,,2025-08-19T14:23:00Z,2024,2024-01-01,2024-12-31
4786380,TOBACCO_MPOWER_R_TAXADMINISTRATION,COUNTRY,TUR,EUR,Europe,YEAR,2024,TOBACCO_INDICATOR,TOBACCO_INDICATOR_R_admin_tax_stamps_cig,,,,,,,Yes,,,,,2025-08-19T14:23:00Z,2024,2024-01-01,2024-12-31
4806066,TOBACCO_MPOWER_R_TAXADMINISTRATION,COUNTRY,ISR,EUR,Europe,YEAR,2024,TOBACCO_INDICATOR,TOBACCO_INDICATOR_R_admin_identifier_track_and_trace,,,,,,,No,,,,,2025-08-19T14:23:00Z,2024,2024-01-01,2024-12-31
4870708,TOBACCO_MPOWER_R_TAXADMINISTRATION,COUNTRY,MWI,AFR,Africa,YEAR,2024,TOBACCO_INDICATOR,TOBACCO_INDICATOR_R_admin_identifier_track_and_trace,,,,,,,Yes,,,,,2025-08-19T14:23:00Z,2024,2024-01-01,2024-12-31
4883942,TOBACCO_MPOWER_R_TAXADMINISTRATION,COUNTRY,MOZ,AFR,Africa,YEAR,2024,TOBACCO_INDICATOR,TOBACCO_INDICATOR_R_admin_identifier_track_and_trace,,,,,,,Yes,,,,,2025-08-19T14:23:00Z,2024,2024-01-01,2024-12-31
4921285,TOBACCO_MPOWER_R_TAXADMINISTRATION,COUNTRY,NGA,AFR,Africa,YEAR,2024,TOBACCO_INDICATOR,TOBACCO_INDICATOR_R_admin_tax_stamps_cig,,,,,,,No,,,,,2025-08-19T14:23:00Z,2024,2024-01-01,2024-12-31
4927801,TOBACCO_MPOWER_R_TAXADMINISTRATION,COUNTRY,KIR,WPR,Western Pacific,YEAR,2024,TOBACCO_INDICATOR,TOBACCO_INDICATOR_R_admin_identifier_track_and_trace,,,,,,,No,,,,,2025-08-19T14:23:00Z,2024,2024-01-01,2024-12-31
4944374,TOBACCO_MPOWER_R_TAXADMINISTRATION,COUNTRY,FRA,EUR,Europe,YEAR,2024,TOBACCO_INDICATOR,TOBACCO_INDICATOR_R_admin_tax_stamps_cig,,,,,,,No,,,,,2025-08-19T14:23:00Z,2024,2024-01-01,2024-12-31
4958258,TOBACCO_MPOWER_R_TAXADMINISTRATION,COUNTRY,NER,AFR,Africa,YEAR,2024,TOBACCO_INDICATOR,TOBACCO_INDICATOR_R_admin_tax_stamps_cig,,,,,,,No,,,,,2025-08-19T14:23:00Z,2024,2024-01-01,2024-12-31
4988409,TOBACCO_MPOWER_R_TAXADMINISTRATION,COUNTRY,TLS,SEAR,South-East Asia,YEAR,2024,TOBACCO_INDICATOR,TOBACCO_INDICATOR_R_admin_tax_stamps_cig,,,,,,,No,,,,,2025-08-19T14:23:00Z,2024,2024-01-01,2024-12-31
5001154,TOBACCO_MPOWER_R_TAXADMINISTRATION,COUNTRY,SUR,AMR,Americas,YEAR,2024,TOBACCO_INDICATOR,TOBACCO_INDICATOR_R_admin_identifier_track_and_trace,,,,,,,No,,,,,2025-08-19T14:23:00Z,2024,2024-01-01,2024-12-31
5011763,TOBACCO_MPOWER_R_TAXADMINISTRATION,COUNTRY,NRU,WPR,Western Pacific,YEAR,2024,TOBACCO_INDICATOR,TOBACCO_INDICATOR_R_admin_tax_stamps_cig,,,,,,,No,,,,,2025-08-19T14:23:00Z,2024,2024-01-01,2024-12-31
5030627,TOBACCO_MPOWER_R_TAXADMINISTRATION,COUNTRY,LBN,EMR,Eastern Mediterranean,YEAR,2024,TOBACCO_INDICATOR,TOBACCO_INDICATOR_R_admin_identifier_track_and_trace,,,,,,,No,,,,,2025-08-19T14:23:00Z,2024,2024-01-01,2024-12-31
5175142,TOBACCO_MPOWER_R_TAXADMINISTRATION,COUNTRY,BWA,AFR,Africa,YEAR,2024,TOBACCO_INDICATOR,TOBACCO_INDICATOR_R_admin_identifier_track_and_trace,,,,,,,No,,,,,2025-08-19T14:23:00Z,2024,2024-01-01,2024-12-31
5184147,TOBACCO_MPOWER_R_TAXADMINISTRATION,COUNTRY,TZA,AFR,Africa,YEAR,2024,TOBACCO_INDICATOR,TOBACCO_INDICATOR_R_admin_tax_stamps_cig,,,,,,,Yes,,,,,2025-08-19T14:23:00Z,2024,2024-01-01,2024-12-31
5245658,TOBACCO_MPOWER_R_TAXADMINISTRATION,COUNTRY,STP,AFR,Africa,YEAR,2024,TOBACCO_INDICATOR,TOBACCO_INDICATOR_R_admin_identifier_track_and_trace,,,,,,,No,,,,,2025-08-19T14:23:00Z,2024,2024-01-01,2024-12-31
5250093,TOBACCO_MPOWER_R_TAXADMINISTRATION,COUNTRY,LTU,EUR,Europe,YEAR,2024,TOBACCO_INDICATOR,TOBACCO_INDICATOR_R_admin_tax_stamps_cig,,,,,,,Yes,,,,,2025-08-19T14:23:00Z,2024,2024-01-01,2024-12-31
5295261,TOBACCO_MPOWER_R_TAXADMINISTRATION,COUNTRY,THA,SEAR,South-East Asia,YEAR,2024,TOBACCO_INDICATOR,TOBACCO_INDICATOR_R_admin_identifier_track_and_trace,,,,,,,Yes,,,,,2025-08-19T14:23:00Z,2024,2024-01-01,2024-12-31
5302122,TOBACCO_MPOWER_R_TAXADMINISTRATION,COUNTRY,LAO,WPR,Western Pacific,YEAR,2024,TOBACCO_INDICATOR,TOBACCO_INDICATOR_R_admin_tax_stamps_cig,,,,,,,Yes,,,,,2025-08-19T14:23:00Z,2024,2024-01-01,2024-12-31
5363312,TOBACCO_MPOWER_R_TAXADMINISTRATION,COUNTRY,NZL,WPR,Western Pacific,YEAR,2024,TOBACCO_INDICATOR,TOBACCO_INDICATOR_R_admin_identifier_track_and_trace,,,,,,,No,,,,,2025-08-19T14:23:00Z,2024,2024-01-01,2024-12-31
5374288,TOBACCO_MPOWER_R_TAXADMINISTRATION,COUNTRY,TKM,EUR,Europe,YEAR,2024,TOBACCO_INDICATOR,TOBACCO_INDICATOR_R_admin_identifier_track_and_trace,,,,,,,Yes,,,,,2025-08-19T14:23:00Z,2024,2024-01-01,2024-12-31
5391420,TOBACCO_MPOWER_R_TAXADMINISTRATION,COUNTRY,LBY,EMR,Eastern Mediterranean,YEAR,2024,TOBACCO_INDICATOR,TOBACCO_INDICATOR_R_admin_tax_stamps_cig,,,,,,,No,,,,,2025-08-19T14:23:00Z,2024,2024-01-01,2024-12-31
5409161,TOBACCO_MPOWER_R_TAXADMINISTRATION,COUNTRY,NLD,EUR,Europe,YEAR,2024,TOBACCO_INDICATOR,TOBACCO_INDICATOR_R_admin_tax_stamps_cig,,,,,,,Yes,,,,,2025-08-19T14:23:00Z,2024,2024-01-01,2024-12-31
5421313,TOBACCO_MPOWER_R_TAXADMINISTRATION,COUNTRY,MLT,EUR,Europe,YEAR,2024,TOBACCO_INDICATOR,TOBACCO_INDICATOR_R_admin_identifier_track_and_trace,,,,,,,Yes,,,,,2025-08-19T14:23:00Z,2024,2024-01-01,2024-12-31
5423221,TOBACCO_MPOWER_R_TAXADMINISTRATION,COUNTRY,YEM,EMR,Eastern Mediterranean,YEAR,2024,TOBACCO_INDICATOR,TOBACCO_INDICATOR_R_admin_identifier_track_and_trace,,,,,,,No,,,,,2025-08-19T14:23:00Z,2024,2024-01-01,2024-12-31
5432236,TOBACCO_MPOWER_R_TAXADMINISTRATION,COUNTRY,ARE,EMR,Eastern Mediterranean,YEAR,2024,TOBACCO_INDICATOR,TOBACCO_INDICATOR_R_admin_identifier_track_and_trace,,,,,,,Yes,,,,,2025-08-19T14:23:00Z,2024,2024-01-01,2024-12-31
5468433,TOBACCO_MPOWER_R_TAXADMINISTRATION,COUNTRY,LVA,EUR,Europe,YEAR,2024,TOBACCO_INDICATOR,TOBACCO_INDICATOR_R_admin_identifier_track_and_trace,,,,,,,Yes,,,,,2025-08-19T14:23:00Z,2024,2024-01-01,2024-12-31
5518617,TOBACCO_MPOWER_R_TAXADMINISTRATION,COUNTRY,NOR,EUR,Europe,YEAR,2024,TOBACCO_INDICATOR,TOBACCO_INDICATOR_R_admin_identifier_track_and_trace,,,,,,,No,,,,,2025-08-19T14:23:00Z,2024,2024-01-01,2024-12-31
5519331,TOBACCO_MPOWER_R_TAXADMINISTRATION,COUNTRY,UKR,EUR,Europe,YEAR,2024,TOBACCO_INDICATOR,TOBACCO_INDICATOR_R_admin_tax_stamps_cig,,,,,,,Yes,,,,,2025-08-19T14:23:00Z,2024,2024-01-01,2024-12-31
5535815,TOBACCO_MPOWER_R_TAXADMINISTRATION,COUNTRY,LKA,SEAR,South-East Asia,YEAR,2024,TOBACCO_INDICATOR,TOBACCO_INDICATOR_R_admin_tax_stamps_cig,,,,,,,No,,,,,2025-08-19T14:23:00Z,2024,2024-01-01,2024-12-31
5537179,TOBACCO_MPOWER_R_TAXADMINISTRATION,COUNTRY,RUS,EUR,Europe,YEAR,2024,TOBACCO_INDICATOR,TOBACCO_INDICATOR_R_admin_identifier_track_and_trace,,,,,,,Yes,,,,,2025-08-19T14:23:00Z,2024,2024-01-01,2024-12-31
5614197,TOBACCO_MPOWER_R_TAXADMINISTRATION,COUNTRY,CIV,AFR,Africa,YEAR,2024,TOBACCO_INDICATOR,TOBACCO_INDICATOR_R_admin_tax_stamps_cig,,,,,,,Yes,,,,,2025-08-19T14:23:00Z,2024,2024-01-01,2024-12-31
5684016,TOBACCO_MPOWER_R_TAXADMINISTRATION,COUNTRY,PAK,EMR,Eastern Mediterranean,YEAR,2024,TOBACCO_INDICATOR,TOBACCO_INDICATOR_R_admin_tax_stamps_cig,,,,,,,Yes,,,,,2025-08-19T14:23:00Z,2024,2024-01-01,2024-12-31
5691927,TOBACCO_MPOWER_R_TAXADMINISTRATION,COUNTRY,MWI,AFR,Africa,YEAR,2024,TOBACCO_INDICATOR,TOBACCO_INDICATOR_R_admin_tax_stamps_cig,,,,,,,Yes,,,,,2025-08-19T14:23:00Z,2024,2024-01-01,2024-12-31
5711884,TOBACCO_MPOWER_R_TAXADMINISTRATION,COUNTRY,CUB,AMR,Americas,YEAR,2024,TOBACCO_INDICATOR,TOBACCO_INDICATOR_R_admin_identifier_track_and_trace,,,,,,,No,,,,,2025-08-19T14:23:00Z,2024,2024-01-01,2024-12-31
5731561,TOBACCO_MPOWER_R_TAXADMINISTRATION,COUNTRY,HRV,EUR,Europe,YEAR,2024,TOBACCO_INDICATOR,TOBACCO_INDICATOR_R_admin_tax_stamps_cig,,,,,,,Yes,,,,,2025-08-19T14:23:00Z,2024,2024-01-01,2024-12-31
5757633,TOBACCO_MPOWER_R_TAXADMINISTRATION,COUNTRY,TUR,EUR,Europe,YEAR,2024,TOBACCO_INDICATOR,TOBACCO_INDICATOR_R_admin_identifier_track_and_trace,,,,,,,Yes,,,,,2025-08-19T14:23:00Z,2024,2024-01-01,2024-12-31
5760330,TOBACCO_MPOWER_R_TAXADMINISTRATION,COUNTRY,NGA,AFR,Africa,YEAR,2024,TOBACCO_INDICATOR,TOBACCO_INDICATOR_R_admin_identifier_track_and_trace,,,,,,,No,,,,,2025-08-19T14:23:00Z,2024,2024-01-01,2024-12-31
5762004,TOBACCO_MPOWER_R_TAXADMINISTRATION,COUNTRY,MAR,EMR,Eastern Mediterranean,YEAR,2024,TOBACCO_INDICATOR,TOBACCO_INDICATOR_R_admin_tax_stamps_cig,,,,,,,Yes,,,,,2025-08-19T14:23:00Z,2024,2024-01-01,2024-12-31
5782940,TOBACCO_MPOWER_R_TAXADMINISTRATION,COUNTRY,GHA,AFR,Africa,YEAR,2024,TOBACCO_INDICATOR,TOBACCO_INDICATOR_R_admin_tax_stamps_cig,,,,,,,Yes,,,,,2025-08-19T14:23:00Z,2024,2024-01-01,2024-12-31
5783036,TOBACCO_MPOWER_R_TAXADMINISTRATION,COUNTRY,MHL,WPR,Western Pacific,YEAR,2024,TOBACCO_INDICATOR,TOBACCO_INDICATOR_R_admin_tax_stamps_cig,,,,,,,No,,,,,2025-08-19T14:23:00Z,2024,2024-01-01,2024-12-31
5811890,TOBACCO_MPOWER_R_TAXADMINISTRATION,COUNTRY,ZAF,AFR,Africa,YEAR,2024,TOBACCO_INDICATOR,TOBACCO_INDICATOR_R_admin_identifier_track_and_trace,,,,,,,No,,,,,2025-08-19T14:23:00Z,2024,2024-01-01,2024-12-31
5849017,TOBACCO_MPOWER_R_TAXADMINISTRATION,COUNTRY,SDN,EMR,Eastern Mediterranean,YEAR,2024,TOBACCO_INDICATOR,TOBACCO_INDICATOR_R_admin_tax_stamps_cig,,,,,,,Yes,,,,,2025-08-19T14:23:00Z,2024,2024-01-01,2024-12-31
5874708,TOBACCO_MPOWER_R_TAXADMINISTRATION,COUNTRY,ARM,EUR,Europe,YEAR,2024,TOBACCO_INDICATOR,TOBACCO_INDICATOR_R_admin_tax_stamps_cig,,,,,,,Yes,,,,,2025-08-19T14:23:00Z,2024,2024-01-01,2024-12-31
5884485,TOBACCO_MPOWER_R_TAXADMINISTRATION,COUNTRY,PRK,SEAR,South-East Asia,YEAR,2024,TOBACCO_INDICATOR,TOBACCO_INDICATOR_R_admin_identifier_track_and_trace,,,,,,,. . .,,,,,2025-08-19T14:23:00Z,2024,2024-01-01,2024-12-31
5908980,TOBACCO_MPOWER_R_TAXADMINISTRATION,COUNTRY,AFG,EMR,Eastern Mediterranean,YEAR,2024,TOBACCO_INDICATOR,TOBACCO_INDICATOR_R_admin_tax_stamps_cig,,,,,,,. . .,,,,,2025-08-19T14:23:00Z,2024,2024-01-01,2024-12-31
5912925,TOBACCO_MPOWER_R_TAXADMINISTRATION,COUNTRY,RWA,AFR,Africa,YEAR,2024,TOBACCO_INDICATOR,TOBACCO_INDICATOR_R_admin_identifier_track_and_trace,,,,,,,Yes,,,,,2025-08-19T14:23:00Z,2024,2024-01-01,2024-12-31
5915670,TOBACCO_MPOWER_R_TAXADMINISTRATION,COUNTRY,GMB,AFR,Africa,YEAR,2024,TOBACCO_INDICATOR,TOBACCO_INDICATOR_R_admin_identifier_track_and_trace,,,,,,,No,,,,,2025-08-19T14:23:00Z,2024,2024-01-01,2024-12-31
5940974,TOBACCO_MPOWER_R_TAXADMINISTRATION,COUNTRY,SGP,WPR,Western Pacific,YEAR,2024,TOBACCO_INDICATOR,TOBACCO_INDICATOR_R_admin_tax_stamps_cig,,,,,,,Yes,,,,,2025-08-19T14:23:00Z,2024,2024-01-01,2024-12-31
5941923,TOBACCO_MPOWER_R_TAXADMINISTRATION,COUNTRY,MUS,AFR,Africa,YEAR,2024,TOBACCO_INDICATOR,TOBACCO_INDICATOR_R_admin_identifier_track_and_trace,,,,,,,Yes,,,,,2025-08-19T14:23:00Z,2024,2024-01-01,2024-12-31
6007472,TOBACCO_MPOWER_R_TAXADMINISTRATION,COUNTRY,COD,AFR,Africa,YEAR,2024,TOBACCO_INDICATOR,TOBACCO_INDICATOR_R_admin_tax_stamps_cig,,,,,,,No,,,,,2025-08-19T14:23:00Z,2024,2024-01-01,2024-12-31
6013595,TOBACCO_MPOWER_R_TAXADMINISTRATION,COUNTRY,BDI,AFR,Africa,YEAR,2024,TOBACCO_INDICATOR,TOBACCO_INDICATOR_R_admin_identifier_track_and_trace,,,,,,,No,,,,,2025-08-19T14:23:00Z,2024,2024-01-01,2024-12-31
6016798,TOBACCO_MPOWER_R_TAXADMINISTRATION,COUNTRY,TJK,EUR,Europe,YEAR,2024,TOBACCO_INDICATOR,TOBACCO_INDICATOR_R_admin_identifier_track_and_trace,,,,,,,No,,,,,2025-08-19T14:23:00Z,2024,2024-01-01,2024-12-31
6041092,TOBACCO_MPOWER_R_TAXADMINISTRATION,COUNTRY,ARE,EMR,Eastern Mediterranean,YEAR,2024,TOBACCO_INDICATOR,TOBACCO_INDICATOR_R_admin_tax_stamps_cig,,,,,,,Yes,,,,,2025-08-19T14:23:00Z,2024,2024-01-01,2024-12-31
6046015,TOBACCO_MPOWER_R_TAXADMINISTRATION,COUNTRY,BEN,AFR,Africa,YEAR,2024,TOBACCO_INDICATOR,TOBACCO_INDICATOR_R_admin_tax_stamps_cig,,,,,,,Yes,,,,,2025-08-19T14:23:00Z,2024,2024-01-01,2024-12-31
6058353,TOBACCO_MPOWER_R_TAXADMINISTRATION,COUNTRY,VUT,WPR,Western Pacific,YEAR,2024,TOBACCO_INDICATOR,TOBACCO_INDICATOR_R_admin_tax_stamps_cig,,,,,,,No,,,,,2025-08-19T14:23:00Z,2024,2024-01-01,2024-12-31
6081975,TOBACCO_MPOWER_R_TAXADMINISTRATION,COUNTRY,JPN,WPR,Western Pacific,YEAR,2024,TOBACCO_INDICATOR,TOBACCO_INDICATOR_R_admin_identifier_track_and_trace,,,,,,,No,,,,,2025-08-19T14:23:00Z,2024,2024-01-01,2024-12-31
6091063,TOBACCO_MPOWER_R_TAXADMINISTRATION,COUNTRY,KIR,WPR,Western Pacific,YEAR,2024,TOBACCO_INDICATOR,TOBACCO_INDICATOR_R_admin_tax_stamps_cig,,,,,,,No,,,,,2025-08-19T14:23:00Z,2024,2024-01-01,2024-12-31
6200337,TOBACCO_MPOWER_R_TAXADMINISTRATION,COUNTRY,DEU,EUR,Europe,YEAR,2024,TOBACCO_INDICATOR,TOBACCO_INDICATOR_R_admin_tax_stamps_cig,,,,,,,Yes,,,,,2025-08-19T14:23:00Z,2024,2024-01-01,2024-12-31
6206003,TOBACCO_MPOWER_R_TAXADMINISTRATION,COUNTRY,LVA,EUR,Europe,YEAR,2024,TOBACCO_INDICATOR,TOBACCO_INDICATOR_R_admin_tax_stamps_cig,,,,,,,Yes,,,,,2025-08-19T14:23:00Z,2024,2024-01-01,2024-12-31
6242493,TOBACCO_MPOWER_R_TAXADMINISTRATION,COUNTRY,MUS,AFR,Africa,YEAR,2024,TOBACCO_INDICATOR,TOBACCO_INDICATOR_R_admin_tax_stamps_cig,,,,,,,Yes,,,,,2025-08-19T14:23:00Z,2024,2024-01-01,2024-12-31
6270464,TOBACCO_MPOWER_R_TAXADMINISTRATION,COUNTRY,BRA,AMR,Americas,YEAR,2024,TOBACCO_INDICATOR,TOBACCO_INDICATOR_R_admin_tax_stamps_cig,,,,,,,Yes,,,,,2025-08-19T14:23:00Z,2024,2024-01-01,2024-12-31
6271590,TOBACCO_MPOWER_R_TAXADMINISTRATION,COUNTRY,DMA,AMR,Americas,YEAR,2024,TOBACCO_INDICATOR,TOBACCO_INDICATOR_R_admin_identifier_track_and_trace,,,,,,,No,,,,,2025-08-19T14:23:00Z,2024,2024-01-01,2024-12-31
6272408,TOBACCO_MPOWER_R_TAXADMINISTRATION,COUNTRY,SWE,EUR,Europe,YEAR,2024,TOBACCO_INDICATOR,TOBACCO_INDICATOR_R_admin_tax_stamps_cig,,,,,,,No,,,,,2025-08-19T14:23:00Z,2024,2024-01-01,2024-12-31
6276911,TOBACCO_MPOWER_R_TAXADMINISTRATION,COUNTRY,LKA,SEAR,South-East Asia,YEAR,2024,TOBACCO_INDICATOR,TOBACCO_INDICATOR_R_admin_identifier_track_and_trace,,,,,,,No,,,,,2025-08-19T14:23:00Z,2024,2024-01-01,2024-12-31
6287442,TOBACCO_MPOWER_R_TAXADMINISTRATION,COUNTRY,GEO,EUR,Europe,YEAR,2024,TOBACCO_INDICATOR,TOBACCO_INDICATOR_R_admin_identifier_track_and_trace,,,,,,,Yes,,,,,2025-08-19T14:23:00Z,2024,2024-01-01,2024-12-31
6371032,TOBACCO_MPOWER_R_TAXADMINISTRATION,COUNTRY,TGO,AFR,Africa,YEAR,2024,TOBACCO_INDICATOR,TOBACCO_INDICATOR_R_admin_identifier_track_and_trace,,,,,,,No,,,,,2025-08-19T14:23:00Z,2024,2024-01-01,2024-12-31
6395776,TOBACCO_MPOWER_R_TAXADMINISTRATION,COUNTRY,CHL,AMR,Americas,YEAR,2024,TOBACCO_INDICATOR,TOBACCO_INDICATOR_R_admin_identifier_track_and_trace,,,,,,,Yes,,,,,2025-08-19T14:23:00Z,2024,2024-01-01,2024-12-31
6401012,TOBACCO_MPOWER_R_TAXADMINISTRATION,COUNTRY,BTN,SEAR,South-East Asia,YEAR,2024,TOBACCO_INDICATOR,TOBACCO_INDICATOR_R_admin_identifier_track_and_trace,,,,,,,No,,,,,2025-08-19T14:23:00Z,2024,2024-01-01,2024-12-31
6404248,TOBACCO_MPOWER_R_TAXADMINISTRATION,COUNTRY,PRT,EUR,Europe,YEAR,2024,TOBACCO_INDICATOR,TOBACCO_INDICATOR_R_admin_identifier_track_and_trace,,,,,,,Yes,,,,,2025-08-19T14:23:00Z,2024,2024-01-01,2024-12-31
6465797,TOBACCO_MPOWER_R_TAXADMINISTRATION,COUNTRY,CAF,AFR,Africa,YEAR,2024,TOBACCO_INDICATOR,TOBACCO_INDICATOR_R_admin_identifier_track_and_trace,,,,,,,No,,,,,2025-08-19T14:23:00Z,2024,2024-01-01,2024-12-31
6483042,TOBACCO_MPOWER_R_TAXADMINISTRATION,COUNTRY,YEM,EMR,Eastern Mediterranean,YEAR,2024,TOBACCO_INDICATOR,TOBACCO_INDICATOR_R_admin_tax_stamps_cig,,,,,,,Yes,,,,,2025-08-19T14:23:00Z,2024,2024-01-01,2024-12-31
6522528,TOBACCO_MPOWER_R_TAXADMINISTRATION,COUNTRY,POL,EUR,Europe,YEAR,2024,TOBACCO_INDICATOR,TOBACCO_INDICATOR_R_admin_tax_stamps_cig,,,,,,,Yes,,,,,2025-08-19T14:23:00Z,2024,2024-01-01,2024-12-31
6526040,TOBACCO_MPOWER_R_TAXADMINISTRATION,COUNTRY,BRB,AMR,Americas,YEAR,2024,TOBACCO_INDICATOR,TOBACCO_INDICATOR_R_admin_identifier_track_and_trace,,,,,,,. . .,,,,,2025-08-19T14:23:00Z,2024,2024-01-01,2024-12-31
6535726,TOBACCO_MPOWER_R_TAXADMINISTRATION,COUNTRY,SLV,AMR,Americas,YEAR,2024,TOBACCO_INDICATOR,TOBACCO_INDICATOR_R_admin_tax_stamps_cig,,,,,,,No,,,,,2025-08-19T14:23:00Z,2024,2024-01-01,2024-12-31
6546002,TOBACCO_MPOWER_R_TAXADMINISTRATION,COUNTRY,CUB,AMR,Americas,YEAR,2024,TOBACCO_INDICATOR,TOBACCO_INDICATOR_R_admin_tax_stamps_cig,,,,,,,No,,,,,2025-08-19T14:23:00Z,2024,2024-01-01,2024-12-31
6563000,TOBACCO_MPOWER_R_TAXADMINISTRATION,COUNTRY,SSD,AFR,Africa,YEAR,2024,TOBACCO_INDICATOR,TOBACCO_INDICATOR_R_admin_identifier_track_and_trace,,,,,,,No,,,,,2025-08-19T14:23:00Z,2024,2024-01-01,2024-12-31
6572934,TOBACCO_MPOWER_R_TAXADMINISTRATION,COUNTRY,KGZ,EUR,Europe,YEAR,2024,TOBACCO_INDICATOR,TOBACCO_INDICATOR_R_admin_tax_stamps_cig,,,,,,,Yes,,,,,2025-08-19T14:23:00Z,2024,2024-01-01,2024-12-31
6614000,TOBACCO_MPOWER_R_TAXADMINISTRATION,COUNTRY,ESP,EUR,Europe,YEAR,2024,TOBACCO_INDICATOR,TOBACCO_INDICATOR_R_admin_tax_stamps_cig,,,,,,,Yes,,,,,2025-08-19T14:23:00Z,2024,2024-01-01,2024-12-31
6614079,TOBACCO_MPOWER_R_TAXADMINISTRATION,COUNTRY,CPV,AFR,Africa,YEAR,2024,TOBACCO_INDICATOR,TOBACCO_INDICATOR_R_admin_identifier_track_and_trace,,,,,,,No,,,,Track and trace system put in place but not yet operational.,2025-08-19T14:23:00Z,2024,2024-01-01,2024-12-31
6645580,TOBACCO_MPOWER_R_TAXADMINISTRATION,COUNTRY,LSO,AFR,Africa,YEAR,2024,TOBACCO_INDICATOR,TOBACCO_INDICATOR_R_admin_identifier_track_and_trace,,,,,,,No,,,,,2025-08-19T14:23:00Z,2024,2024-01-01,2024-12-31
6656131,TOBACCO_MPOWER_R_TAXADMINISTRATION,COUNTRY,GUY,AMR,Americas,YEAR,2024,TOBACCO_INDICATOR,TOBACCO_INDICATOR_R_admin_tax_stamps_cig,,,,,,,Yes,,,,,2025-08-19T14:23:00Z,2024,2024-01-01,2024-12-31
6669162,TOBACCO_MPOWER_R_TAXADMINISTRATION,COUNTRY,SRB,EUR,Europe,YEAR,2024,TOBACCO_INDICATOR,TOBACCO_INDICATOR_R_admin_tax_stamps_cig,,,,,,,Yes,,,,,2025-08-19T14:23:00Z,2024,2024-01-01,2024-12-31
6671474,TOBACCO_MPOWER_R_TAXADMINISTRATION,COUNTRY,ERI,AFR,Africa,YEAR,2024,TOBACCO_INDICATOR,TOBACCO_INDICATOR_R_admin_tax_stamps_cig,,,,,,,No,,,,,2025-08-19T14:23:00Z,2024,2024-01-01,2024-12-31
6729220,TOBACCO_MPOWER_R_TAXADMINISTRATION,COUNTRY,BGR,EUR,Europe,YEAR,2024,TOBACCO_INDICATOR,TOBACCO_INDICATOR_R_admin_identifier_track_and_trace,,,,,,,Yes,,,,,2025-08-19T14:23:00Z,2024,2024-01-01,2024-12-31
6785057,TOBACCO_MPOWER_R_TAXADMINISTRATION,COUNTRY,COM,AFR,Africa,YEAR,2024,TOBACCO_INDICATOR,TOBACCO_INDICATOR_R_admin_tax_stamps_cig,,,,,,,No,,,,,2025-08-19T14:23:00Z,2024,2024-01-01,2024-12-31
6823898,TOBACCO_MPOWER_R_TAXADMINISTRATION,COUNTRY,PER,AMR,Americas,YEAR,2024,TOBACCO_INDICATOR,TOBACCO_INDICATOR_R_admin_identifier_track_and_trace,,,,,,,No,,,,,2025-08-19T14:23:00Z,2024,2024-01-01,2024-12-31
6848578,TOBACCO_MPOWER_R_TAXADMINISTRATION,COUNTRY,SLE,AFR,Africa,YEAR,2024,TOBACCO_INDICATOR,TOBACCO_INDICATOR_R_admin_identifier_track_and_trace,,,,,,,No,,,,,2025-08-19T14:23:00Z,2024,2024-01-01,2024-12-31
6934556,TOBACCO_MPOWER_R_TAXADMINISTRATION,COUNTRY,KNA,AMR,Americas,YEAR,2024,TOBACCO_INDICATOR,TOBACCO_INDICATOR_R_admin_tax_stamps_cig,,,,,,,. . .,,,,,2025-08-19T14:23:00Z,2024,2024-01-01,2024-12-31
6978355,TOBACCO_MPOWER_R_TAXADMINISTRATION,COUNTRY,ITA,EUR,Europe,YEAR,2024,TOBACCO_INDICATOR,TOBACCO_INDICATOR_R_admin_tax_stamps_cig,,,,,,,Yes,,,,,2025-08-19T14:23:00Z,2024,2024-01-01,2024-12-31
6992374,TOBACCO_MPOWER_R_TAXADMINISTRATION,COUNTRY,MDG,AFR,Africa,YEAR,2024,TOBACCO_INDICATOR,TOBACCO_INDICATOR_R_admin_tax_stamps_cig,,,,,,,No,,,,,2025-08-19T14:23:00Z,2024,2024-01-01,2024-12-31
7055364,TOBACCO_MPOWER_R_TAXADMINISTRATION,COUNTRY,KOR,WPR,Western Pacific,YEAR,2024,TOBACCO_INDICATOR,TOBACCO_INDICATOR_R_admin_tax_stamps_cig,,,,,,,No,,,,,2025-08-19T14:23:00Z,2024,2024-01-01,2024-12-31
7085642,TOBACCO_MPOWER_R_TAXADMINISTRATION,COUNTRY,LBY,EMR,Eastern Mediterranean,YEAR,2024,TOBACCO_INDICATOR,TOBACCO_INDICATOR_R_admin_identifier_track_and_trace,,,,,,,No,,,,,2025-08-19T14:23:00Z,2024,2024-01-01,2024-12-31
7099784,TOBACCO_MPOWER_R_TAXADMINISTRATION,COUNTRY,SWZ,AFR,Africa,YEAR,2024,TOBACCO_INDICATOR,TOBACCO_INDICATOR_R_admin_identifier_track_and_trace,,,,,,,No,,,,,2025-08-19T14:23:00Z,2024,2024-01-01,2024-12-31
7194511,TOBACCO_MPOWER_R_TAXADMINISTRATION,COUNTRY,IRN,EMR,Eastern Mediterranean,YEAR,2024,TOBACCO_INDICATOR,TOBACCO_INDICATOR_R_admin_identifier_track_and_trace,,,,,,,No,,,,,2025-08-19T14:23:00Z,2024,2024-01-01,2024-12-31
7251763,TOBACCO_MPOWER_R_TAXADMINISTRATION,COUNTRY,URY,AMR,Americas,YEAR,2024,TOBACCO_INDICATOR,TOBACCO_INDICATOR_R_admin_identifier_track_and_trace,,,,,,,No,,,,,2025-08-19T14:23:00Z,2024,2024-01-01,2024-12-31
7259656,TOBACCO_MPOWER_R_TAXADMINISTRATION,COUNTRY,CRI,AMR,Americas,YEAR,2024,TOBACCO_INDICATOR,TOBACCO_INDICATOR_R_admin_tax_stamps_cig,,,,,,,No,,,,,2025-08-19T14:23:00Z,2024,2024-01-01,2024-12-31
7285466,TOBACCO_MPOWER_R_TAXADMINISTRATION,COUNTRY,TUN,EMR,Eastern Mediterranean,YEAR,2024,TOBACCO_INDICATOR,TOBACCO_INDICATOR_R_admin_tax_stamps_cig,,,,,,,No,,,,,2025-08-19T14:23:00Z,2024,2024-01-01,2024-12-31
7287145,TOBACCO_MPOWER_R_TAXADMINISTRATION,COUNTRY,ZAF,AFR,Africa,YEAR,2024,TOBACCO_INDICATOR,TOBACCO_INDICATOR_R_admin_tax_stamps_cig,,,,,,,Yes,,,,,2025-08-19T14:23:00Z,2024,2024-01-01,2024-12-31
7378460,TOBACCO_MPOWER_R_TAXADMINISTRATION,COUNTRY,KOR,WPR,Western Pacific,YEAR,2024,TOBACCO_INDICATOR,TOBACCO_INDICATOR_R_admin_identifier_track_and_trace,,,,,,,No,,,,,2025-08-19T14:23:00Z,2024,2024-01-01,2024-12-31
7384438,TOBACCO_MPOWER_R_TAXADMINISTRATION,COUNTRY,BRN,WPR,Western Pacific,YEAR,2024,TOBACCO_INDICATOR,TOBACCO_INDICATOR_R_admin_tax_stamps_cig,,,,,,,No,,,,,2025-08-19T14:23:00Z,2024,2024-01-01,2024-12-31
7398640,TOBACCO_MPOWER_R_TAXADMINISTRATION,COUNTRY,GTM,AMR,Americas,YEAR,2024,TOBACCO_INDICATOR,TOBACCO_INDICATOR_R_admin_identifier_track_and_trace,,,,,,,No,,,,,2025-08-19T14:23:00Z,2024,2024-01-01,2024-12-31
7403435,TOBACCO_MPOWER_R_TAXADMINISTRATION,COUNTRY,ISL,EUR,Europe,YEAR,2024,TOBACCO_INDICATOR,TOBACCO_INDICATOR_R_admin_identifier_track_and_trace,,,,,,,No,,,,,2025-08-19T14:23:00Z,2024,2024-01-01,2024-12-31
7421411,TOBACCO_MPOWER_R_TAXADMINISTRATION,COUNTRY,MNE,EUR,Europe,YEAR,2024,TOBACCO_INDICATOR,TOBACCO_INDICATOR_R_admin_tax_stamps_cig,,,,,,,Yes,,,,,2025-08-19T14:23:00Z,2024,2024-01-01,2024-12-31
7431426,TOBACCO_MPOWER_R_TAXADMINISTRATION,COUNTRY,SYR,EMR,Eastern Mediterranean,YEAR,2024,TOBACCO_INDICATOR,TOBACCO_INDICATOR_R_admin_tax_stamps_cig,,,,,,,No,,,,,2025-08-19T14:23:00Z,2024,2024-01-01,2024-12-31
7438719,TOBACCO_MPOWER_R_TAXADMINISTRATION,COUNTRY,TON,WPR,Western Pacific,YEAR,2024,TOBACCO_INDICATOR,TOBACCO_INDICATOR_R_admin_identifier_track_and_trace,,,,,,,No,,,,,2025-08-19T14:23:00Z,2024,2024-01-01,2024-12-31
7440690,TOBACCO_MPOWER_R_TAXADMINISTRATION,COUNTRY,FSM,WPR,Western Pacific,YEAR,2024,TOBACCO_INDICATOR,TOBACCO_INDICATOR_R_admin_tax_stamps_cig,,,,,,,No,,,,,2025-08-19T14:23:00Z,2024,2024-01-01,2024-12-31
7455896,TOBACCO_MPOWER_R_TAXADMINISTRATION,COUNTRY,ETH,AFR,Africa,YEAR,2024,TOBACCO_INDICATOR,TOBACCO_INDICATOR_R_admin_tax_stamps_cig,,,,,,,No,,,,,2025-08-19T14:23:00Z,2024,2024-01-01,2024-12-31
7461363,TOBACCO_MPOWER_R_TAXADMINISTRATION,COUNTRY,HTI,AMR,Americas,YEAR,2024,TOBACCO_INDICATOR,TOBACCO_INDICATOR_R_admin_tax_stamps_cig,,,,,,,. . .,,,,,2025-08-19T14:23:00Z,2024,2024-01-01,2024-12-31
7511139,TOBACCO_MPOWER_R_TAXADMINISTRATION,COUNTRY,LBR,AFR,Africa,YEAR,2024,TOBACCO_INDICATOR,TOBACCO_INDICATOR_R_admin_tax_stamps_cig,,,,,,,Yes,,,,,2025-08-19T14:23:00Z,2024,2024-01-01,2024-12-31
7538230,TOBACCO_MPOWER_R_TAXADMINISTRATION,COUNTRY,TZA,AFR,Africa,YEAR,2024,TOBACCO_INDICATOR,TOBACCO_INDICATOR_R_admin_identifier_track_and_trace,,,,,,,. . .,,,,,2025-08-19T14:23:00Z,2024,2024-01-01,2024-12-31
7567663,TOBACCO_MPOWER_R_TAXADMINISTRATION,COUNTRY,AUT,EUR,Europe,YEAR,2024,TOBACCO_INDICATOR,TOBACCO_INDICATOR_R_admin_identifier_track_and_trace,,,,,,,Yes,,,,,2025-08-19T14:23:00Z,2024,2024-01-01,2024-12-31
7619574,TOBACCO_MPOWER_R_TAXADMINISTRATION,COUNTRY,AFG,EMR,Eastern Mediterranean,YEAR,2024,TOBACCO_INDICATOR,TOBACCO_INDICATOR_R_admin_identifier_track_and_trace,,,,,,,. . .,,,,,2025-08-19T14:23:00Z,2024,2024-01-01,2024-12-31
7625413,TOBACCO_MPOWER_R_TAXADMINISTRATION,COUNTRY,TUV,WPR,Western Pacific,YEAR,2024,TOBACCO_INDICATOR,TOBACCO_INDICATOR_R_admin_identifier_track_and_trace,,,,,,,No,,,,,2025-08-19T14:23:00Z,2024,2024-01-01,2024-12-31
7694935,TOBACCO_MPOWER_R_TAXADMINISTRATION,COUNTRY,OMN,EMR,Eastern Mediterranean,YEAR,2024,TOBACCO_INDICATOR,TOBACCO_INDICATOR_R_admin_tax_stamps_cig,,,,,,,Yes,,,,,2025-08-19T14:23:00Z,2024,2024-01-01,2024-12-31
7717815,TOBACCO_MPOWER_R_TAXADMINISTRATION,COUNTRY,GRC,EUR,Europe,YEAR,2024,TOBACCO_INDICATOR,TOBACCO_INDICATOR_R_admin_identifier_track_and_trace,,,,,,,Yes,,,,,2025-08-19T14:23:00Z,2024,2024-01-01,2024-12-31
7730620,TOBACCO_MPOWER_R_TAXADMINISTRATION,COUNTRY,USA,AMR,Americas,YEAR,2024,TOBACCO_INDICATOR,TOBACCO_INDICATOR_R_admin_tax_stamps_cig,,,,,,,No,,,,,2025-08-19T14:23:00Z,2024,2024-01-01,2024-12-31
7742394,TOBACCO_MPOWER_R_TAXADMINISTRATION,COUNTRY,MNG,WPR,Western Pacific,YEAR,2024,TOBACCO_INDICATOR,TOBACCO_INDICATOR_R_admin_identifier_track_and_trace,,,,,,,Yes,,,,,2025-08-19T14:23:00Z,2024,2024-01-01,2024-12-31
7850884,TOBACCO_MPOWER_R_TAXADMINISTRATION,COUNTRY,LSO,AFR,Africa,YEAR,2024,TOBACCO_INDICATOR,TOBACCO_INDICATOR_R_admin_tax_stamps_cig,,,,,,,No,,,,,2025-08-19T14:23:00Z,2024,2024-01-01,2024-12-31
7877861,TOBACCO_MPOWER_R_TAXADMINISTRATION,COUNTRY,IRQ,EMR,Eastern Mediterranean,YEAR,2024,TOBACCO_INDICATOR,TOBACCO_INDICATOR_R_admin_identifier_track_and_trace,,,,,,,No,,,,,2025-08-19T14:23:00Z,2024,2024-01-01,2024-12-31
7891734,TOBACCO_MPOWER_R_TAXADMINISTRATION,COUNTRY,VCT,AMR,Americas,YEAR,2024,TOBACCO_INDICATOR,TOBACCO_INDICATOR_R_admin_identifier_track_and_trace,,,,,,,No,,,,,2025-08-19T14:23:00Z,2024,2024-01-01,2024-12-31
7923693,TOBACCO_MPOWER_R_TAXADMINISTRATION,COUNTRY,KAZ,EUR,Europe,YEAR,2024,TOBACCO_INDICATOR,TOBACCO_INDICATOR_R_admin_identifier_track_and_trace,,,,,,,Yes,,,,,2025-08-19T14:23:00Z,2024,2024-01-01,2024-12-31
7991184,TOBACCO_MPOWER_R_TAXADMINISTRATION,COUNTRY,PSE,EMR,Eastern Mediterranean,YEAR,2024,TOBACCO_INDICATOR,TOBACCO_INDICATOR_R_admin_identifier_track_and_trace,,,,,,,No,,,,,2025-08-19T14:23:00Z,2024,2024-01-01,2024-12-31
8123799,TOBACCO_MPOWER_R_TAXADMINISTRATION,COUNTRY,AUT,EUR,Europe,YEAR,2024,TOBACCO_INDICATOR,TOBACCO_INDICATOR_R_admin_tax_stamps_cig,,,,,,,Yes,,,,,2025-08-19T14:23:00Z,2024,2024-01-01,2024-12-31
8162188,TOBACCO_MPOWER_R_TAXADMINISTRATION,COUNTRY,EGY,EMR,Eastern Mediterranean,YEAR,2024,TOBACCO_INDICATOR,TOBACCO_INDICATOR_R_admin_identifier_track_and_trace,,,,,,,No,,,,,2025-08-19T14:23:00Z,2024,2024-01-01,2024-12-31
8165142,TOBACCO_MPOWER_R_TAXADMINISTRATION,COUNTRY,DOM,AMR,Americas,YEAR,2024,TOBACCO_INDICATOR,TOBACCO_INDICATOR_R_admin_identifier_track_and_trace,,,,,,,Yes,,,,,2025-08-19T14:23:00Z,2024,2024-01-01,2024-12-31
8176084,TOBACCO_MPOWER_R_TAXADMINISTRATION,COUNTRY,WSM,WPR,Western Pacific,YEAR,2024,TOBACCO_INDICATOR,TOBACCO_INDICATOR_R_admin_tax_stamps_cig,,,,,,,No,,,,,2025-08-19T14:23:00Z,2024,2024-01-01,2024-12-31
8204245,TOBACCO_MPOWER_R_TAXADMINISTRATION,COUNTRY,DNK,EUR,Europe,YEAR,2024,TOBACCO_INDICATOR,TOBACCO_INDICATOR_R_admin_identifier_track_and_trace,,,,,,,Yes,,,,,2025-08-19T14:23:00Z,2024,2024-01-01,2024-12-31
8237056,TOBACCO_MPOWER_R_TAXADMINISTRATION,COUNTRY,TUV,WPR,Western Pacific,YEAR,2024,TOBACCO_INDICATOR,TOBACCO_INDICATOR_R_admin_tax_stamps_cig,,,,,,,No,,,,,2025-08-19T14:23:00Z,2024,2024-01-01,2024-12-31
8254382,TOBACCO_MPOWER_R_TAXADMINISTRATION,COUNTRY,GRD,AMR,Americas,YEAR,2024,TOBACCO_INDICATOR,TOBACCO_INDICATOR_R_admin_tax_stamps_cig,,,,,,,No,,,,,2025-08-19T14:23:00Z,2024,2024-01-01,2024-12-31
8290063,TOBACCO_MPOWER_R_TAXADMINISTRATION,COUNTRY,JOR,EMR,Eastern Mediterranean,YEAR,2024,TOBACCO_INDICATOR,TOBACCO_INDICATOR_R_admin_tax_stamps_cig,,,,,,,No,,,,,2025-08-19T14:23:00Z,2024,2024-01-01,2024-12-31
8318260,TOBACCO_MPOWER_R_TAXADMINISTRATION,COUNTRY,GBR,EUR,Europe,YEAR,2024,TOBACCO_INDICATOR,TOBACCO_INDICATOR_R_admin_tax_stamps_cig,,,,,,,Yes,,,,,2025-08-19T14:23:00Z,2024,2024-01-01,2024-12-31
8339391,TOBACCO_MPOWER_R_TAXADMINISTRATION,COUNTRY,SMR,EUR,Europe,YEAR,2024,TOBACCO_INDICATOR,TOBACCO_INDICATOR_R_admin_identifier_track_and_trace,,,,,,,. . .,,,,,2025-08-19T14:23:00Z,2024,2024-01-01,2024-12-31
8345997,TOBACCO_MPOWER_R_TAXADMINISTRATION,COUNTRY,CYP,EUR,Europe,YEAR,2024,TOBACCO_INDICATOR,TOBACCO_INDICATOR_R_admin_tax_stamps_cig,,,,,,,No,,,,,2025-08-19T14:23:00Z,2024,2024-01-01,2024-12-31
8346205,TOBACCO_MPOWER_R_TAXADMINISTRATION,COUNTRY,NIC,AMR,Americas,YEAR,2024,TOBACCO_INDICATOR,TOBACCO_INDICATOR_R_admin_tax_stamps_cig,,,,,,,. . .,,,,,2025-08-19T14:23:00Z,2024,2024-01-01,2024-12-31
8385302,TOBACCO_MPOWER_R_TAXADMINISTRATION,COUNTRY,HRV,EUR,Europe,YEAR,2024,TOBACCO_INDICATOR,TOBACCO_INDICATOR_R_admin_identifier_track_and_trace,,,,,,,Yes,,,,,2025-08-19T14:23:00Z,2024,2024-01-01,2024-12-31
8385755,TOBACCO_MPOWER_R_TAXADMINISTRATION,COUNTRY,MYS,WPR,Western Pacific,YEAR,2024,TOBACCO_INDICATOR,TOBACCO_INDICATOR_R_admin_tax_stamps_cig,,,,,,,Yes,,,,,2025-08-19T14:23:00Z,2024,2024-01-01,2024-12-31
8416345,TOBACCO_MPOWER_R_TAXADMINISTRATION,COUNTRY,NPL,SEAR,South-East Asia,YEAR,2024,TOBACCO_INDICATOR,TOBACCO_INDICATOR_R_admin_tax_stamps_cig,,,,,,,Yes,,,,,2025-08-19T14:23:00Z,2024,2024-01-01,2024-12-31
8417311,TOBACCO_MPOWER_R_TAXADMINISTRATION,COUNTRY,VNM,WPR,Western Pacific,YEAR,2024,TOBACCO_INDICATOR,TOBACCO_INDICATOR_R_admin_tax_stamps_cig,,,,,,,Yes,,,,,2025-08-19T14:23:00Z,2024,2024-01-01,2024-12-31
8422943,TOBACCO_MPOWER_R_TAXADMINISTRATION,COUNTRY,ZWE,AFR,Africa,YEAR,2024,TOBACCO_INDICATOR,TOBACCO_INDICATOR_R_admin_identifier_track_and_trace,,,,,,,No,,,,,2025-08-19T14:23:00Z,2024,2024-01-01,2024-12-31
8458249,TOBACCO_MPOWER_R_TAXADMINISTRATION,COUNTRY,AND,EUR,Europe,YEAR,2024,TOBACCO_INDICATOR,TOBACCO_INDICATOR_R_admin_identifier_track_and_trace,,,,,,,No,,,,,2025-08-19T14:23:00Z,2024,2024-01-01,2024-12-31
8469475,TOBACCO_MPOWER_R_TAXADMINISTRATION,COUNTRY,SAU,EMR,Eastern Mediterranean,YEAR,2024,TOBACCO_INDICATOR,TOBACCO_INDICATOR_R_admin_tax_stamps_cig,,,,,,,Yes,,,,,2025-08-19T14:23:00Z,2024,2024-01-01,2024-12-31
8479867,TOBACCO_MPOWER_R_TAXADMINISTRATION,COUNTRY,MLT,EUR,Europe,YEAR,2024,TOBACCO_INDICATOR,TOBACCO_INDICATOR_R_admin_tax_stamps_cig,,,,,,,Yes,,,,,2025-08-19T14:23:00Z,2024,2024-01-01,2024-12-31
8519930,TOBACCO_MPOWER_R_TAXADMINISTRATION,COUNTRY,GUY,AMR,Americas,YEAR,2024,TOBACCO_INDICATOR,TOBACCO_INDICATOR_R_admin_identifier_track_and_trace,,,,,,,No,,,,,2025-08-19T14:23:00Z,2024,2024-01-01,2024-12-31
8530542,TOBACCO_MPOWER_R_TAXADMINISTRATION,COUNTRY,UZB,EUR,Europe,YEAR,2024,TOBACCO_INDICATOR,TOBACCO_INDICATOR_R_admin_identifier_track_and_trace,,,,,,,Yes,,,,,2025-08-19T14:23:00Z,2024,2024-01-01,2024-12-31
8539065,TOBACCO_MPOWER_R_TAXADMINISTRATION,COUNTRY,ARG,AMR,Americas,YEAR,2024,TOBACCO_INDICATOR,TOBACCO_INDICATOR_R_admin_identifier_track_and_trace,,,,,,,No,,,,,2025-08-19T14:23:00Z,2024,2024-01-01,2024-12-31
8541718,TOBACCO_MPOWER_R_TAXADMINISTRATION,COUNTRY,COD,AFR,Africa,YEAR,2024,TOBACCO_INDICATOR,TOBACCO_INDICATOR_R_admin_identifier_track_and_trace,,,,,,,No,,,,,2025-08-19T14:23:00Z,2024,2024-01-01,2024-12-31
8543030,TOBACCO_MPOWER_R_TAXADMINISTRATION,COUNTRY,SLB,WPR,Western Pacific,YEAR,2024,TOBACCO_INDICATOR,TOBACCO_INDICATOR_R_admin_identifier_track_and_trace,,,,,,,No,,,,,2025-08-19T14:23:00Z,2024,2024-01-01,2024-12-31
8547344,TOBACCO_MPOWER_R_TAXADMINISTRATION,COUNTRY,HND,AMR,Americas,YEAR,2024,TOBACCO_INDICATOR,TOBACCO_INDICATOR_R_admin_tax_stamps_cig,,,,,,,No,,,,,2025-08-19T14:23:00Z,2024,2024-01-01,2024-12-31
8562724,TOBACCO_MPOWER_R_TAXADMINISTRATION,COUNTRY,TTO,AMR,Americas,YEAR,2024,TOBACCO_INDICATOR,TOBACCO_INDICATOR_R_admin_identifier_track_and_trace,,,,,,,No,,,,,2025-08-19T14:23:00Z,2024,2024-01-01,2024-12-31
8592302,TOBACCO_MPOWER_R_TAXADMINISTRATION,COUNTRY,RUS,EUR,Europe,YEAR,2024,TOBACCO_INDICATOR,TOBACCO_INDICATOR_R_admin_tax_stamps_cig,,,,,,,Yes,,,,,2025-08-19T14:23:00Z,2024,2024-01-01,2024-12-31
8600645,TOBACCO_MPOWER_R_TAXADMINISTRATION,COUNTRY,CZE,EUR,Europe,YEAR,2024,TOBACCO_INDICATOR,TOBACCO_INDICATOR_R_admin_tax_stamps_cig,,,,,,,Yes,,,,,2025-08-19T14:23:00Z,2024,2024-01-01,2024-12-31
8603396,TOBACCO_MPOWER_R_TAXADMINISTRATION,COUNTRY,TCD,AFR,Africa,YEAR,2024,TOBACCO_INDICATOR,TOBACCO_INDICATOR_R_admin_identifier_track_and_trace,,,,,,,No,,,,,2025-08-19T14:23:00Z,2024,2024-01-01,2024-12-31
8641302,TOBACCO_MPOWER_R_TAXADMINISTRATION,COUNTRY,JAM,AMR,Americas,YEAR,2024,TOBACCO_INDICATOR,TOBACCO_INDICATOR_R_admin_tax_stamps_cig,,,,,,,No,,,,Data not validated by the national authorities.,2025-08-19T14:23:00Z,2024,2024-01-01,2024-12-31
8642942,TOBACCO_MPOWER_R_TAXADMINISTRATION,COUNTRY,TTO,AMR,Americas,YEAR,2024,TOBACCO_INDICATOR,TOBACCO_INDICATOR_R_admin_tax_stamps_cig,,,,,,,No,,,,,2025-08-19T14:23:00Z,2024,2024-01-01,2024-12-31
8665483,TOBACCO_MPOWER_R_TAXADMINISTRATION,COUNTRY,MRT,AFR,Africa,YEAR,2024,TOBACCO_INDICATOR,TOBACCO_INDICATOR_R_admin_tax_stamps_cig,,,,,,,No,,,,,2025-08-19T14:23:00Z,2024,2024-01-01,2024-12-31
8679444,TOBACCO_MPOWER_R_TAXADMINISTRATION,COUNTRY,ERI,AFR,Africa,YEAR,2024,TOBACCO_INDICATOR,TOBACCO_INDICATOR_R_admin_identifier_track_and_trace,,,,,,,No,,,,,2025-08-19T14:23:00Z,2024,2024-01-01,2024-12-31
8704924,TOBACCO_MPOWER_R_TAXADMINISTRATION,COUNTRY,AGO,AFR,Africa,YEAR,2024,TOBACCO_INDICATOR,TOBACCO_INDICATOR_R_admin_tax_stamps_cig,,,,,,,. . .,,,,,2025-08-19T14:23:00Z,2024,2024-01-01,2024-12-31
8712406,TOBACCO_MPOWER_R_TAXADMINISTRATION,COUNTRY,AUS,WPR,Western Pacific,YEAR,2024,TOBACCO_INDICATOR,TOBACCO_INDICATOR_R_admin_tax_stamps_cig,,,,,,,No,,,,,2025-08-19T14:23:00Z,2024,2024-01-01,2024-12-31
8771491,TOBACCO_MPOWER_R_TAXADMINISTRATION,COUNTRY,SYR,EMR,Eastern Mediterranean,YEAR,2024,TOBACCO_INDICATOR,TOBACCO_INDICATOR_R_admin_identifier_track_and_trace,,,,,,,No,,,,,2025-08-19T14:23:00Z,2024,2024-01-01,2024-12-31
8782273,TOBACCO_MPOWER_R_TAXADMINISTRATION,COUNTRY,LCA,AMR,Americas,YEAR,2024,TOBACCO_INDICATOR,TOBACCO_INDICATOR_R_admin_identifier_track_and_trace,,,,,,,No,,,,,2025-08-19T14:23:00Z,2024,2024-01-01,2024-12-31
8873913,TOBACCO_MPOWER_R_TAXADMINISTRATION,COUNTRY,QAT,EMR,Eastern Mediterranean,YEAR,2024,TOBACCO_INDICATOR,TOBACCO_INDICATOR_R_admin_tax_stamps_cig,,,,,,,Yes,,,,,2025-08-19T14:23:00Z,2024,2024-01-01,2024-12-31
8888856,TOBACCO_MPOWER_R_TAXADMINISTRATION,COUNTRY,KNA,AMR,Americas,YEAR,2024,TOBACCO_INDICATOR,TOBACCO_INDICATOR_R_admin_identifier_track_and_trace,,,,,,,. . .,,,,,2025-08-19T14:23:00Z,2024,2024-01-01,2024-12-31
8918408,TOBACCO_MPOWER_R_TAXADMINISTRATION,COUNTRY,SGP,WPR,Western Pacific,YEAR,2024,TOBACCO_INDICATOR,TOBACCO_INDICATOR_R_admin_identifier_track_and_trace,,,,,,,No,,,,,2025-08-19T14:23:00Z,2024,2024-01-01,2024-12-31
8922768,TOBACCO_MPOWER_R_TAXADMINISTRATION,COUNTRY,CIV,AFR,Africa,YEAR,2024,TOBACCO_INDICATOR,TOBACCO_INDICATOR_R_admin_identifier_track_and_trace,,,,,,,No,,,,,2025-08-19T14:23:00Z,2024,2024-01-01,2024-12-31
8938771,TOBACCO_MPOWER_R_TAXADMINISTRATION,COUNTRY,QAT,EMR,Eastern Mediterranean,YEAR,2024,TOBACCO_INDICATOR,TOBACCO_INDICATOR_R_admin_identifier_track_and_trace,,,,,,,Yes,,,,,2025-08-19T14:23:00Z,2024,2024-01-01,2024-12-31
8991061,TOBACCO_MPOWER_R_TAXADMINISTRATION,COUNTRY,PAN,AMR,Americas,YEAR,2024,TOBACCO_INDICATOR,TOBACCO_INDICATOR_R_admin_identifier_track_and_trace,,,,,,,No,,,,,2025-08-19T14:23:00Z,2024,2024-01-01,2024-12-31
8994518,TOBACCO_MPOWER_R_TAXADMINISTRATION,COUNTRY,BEL,EUR,Europe,YEAR,2024,TOBACCO_INDICATOR,TOBACCO_INDICATOR_R_admin_tax_stamps_cig,,,,,,,Yes,,,,,2025-08-19T14:23:00Z,2024,2024-01-01,2024-12-31
8999772,TOBACCO_MPOWER_R_TAXADMINISTRATION,COUNTRY,USA,AMR,Americas,YEAR,2024,TOBACCO_INDICATOR,TOBACCO_INDICATOR_R_admin_identifier_track_and_trace,,,,,,,No,,,,,2025-08-19T14:23:00Z,2024,2024-01-01,2024-12-31
9010570,TOBACCO_MPOWER_R_TAXADMINISTRATION,COUNTRY,IRL,EUR,Europe,YEAR,2024,TOBACCO_INDICATOR,TOBACCO_INDICATOR_R_admin_identifier_track_and_trace,,,,,,,Yes,,,,,2025-08-19T14:23:00Z,2024,2024-01-01,2024-12-31
9019082,TOBACCO_MPOWER_R_TAXADMINISTRATION,COUNTRY,VNM,WPR,Western Pacific,YEAR,2024,TOBACCO_INDICATOR,TOBACCO_INDICATOR_R_admin_identifier_track_and_trace,,,,,,,No,,,,,2025-08-19T14:23:00Z,2024,2024-01-01,2024-12-31
9024205,TOBACCO_MPOWER_R_TAXADMINISTRATION,COUNTRY,DNK,EUR,Europe,YEAR,2024,TOBACCO_INDICATOR,TOBACCO_INDICATOR_R_admin_tax_stamps_cig,,,,,,,Yes,,,,,2025-08-19T14:23:00Z,2024,2024-01-01,2024-12-31
9043918,TOBACCO_MPOWER_R_TAXADMINISTRATION,COUNTRY,BRB,AMR,Americas,YEAR,2024,TOBACCO_INDICATOR,TOBACCO_INDICATOR_R_admin_tax_stamps_cig,,,,,,,. . .,,,,,2025-08-19T14:23:00Z,2024,2024-01-01,2024-12-31
9063416,TOBACCO_MPOWER_R_TAXADMINISTRATION,COUNTRY,ALB,EUR,Europe,YEAR,2024,TOBACCO_INDICATOR,TOBACCO_INDICATOR_R_admin_identifier_track_and_trace,,,,,,,No,,,,,2025-08-19T14:23:00Z,2024,2024-01-01,2024-12-31
9064224,TOBACCO_MPOWER_R_TAXADMINISTRATION,COUNTRY,BFA,AFR,Africa,YEAR,2024,TOBACCO_INDICATOR,TOBACCO_INDICATOR_R_admin_identifier_track_and_trace,,,,,,,No,,,,,2025-08-19T14:23:00Z,2024,2024-01-01,2024-12-31
9139643,TOBACCO_MPOWER_R_TAXADMINISTRATION,COUNTRY,BTN,SEAR,South-East Asia,YEAR,2024,TOBACCO_INDICATOR,TOBACCO_INDICATOR_R_admin_tax_stamps_cig,,,,,,,No,,,,,2025-08-19T14:23:00Z,2024,2024-01-01,2024-12-31
9145530,TOBACCO_MPOWER_R_TAXADMINISTRATION,COUNTRY,LAO,WPR,Western Pacific,YEAR,2024,TOBACCO_INDICATOR,TOBACCO_INDICATOR_R_admin_identifier_track_and_trace,,,,,,,No,,,,,2025-08-19T14:23:00Z,2024,2024-01-01,2024-12-31
9152967,TOBACCO_MPOWER_R_TAXADMINISTRATION,COUNTRY,BEL,EUR,Europe,YEAR,2024,TOBACCO_INDICATOR,TOBACCO_INDICATOR_R_admin_identifier_track_and_trace,,,,,,,Yes,,,,,2025-08-19T14:23:00Z,2024,2024-01-01,2024-12-31
9187145,TOBACCO_MPOWER_R_TAXADMINISTRATION,COUNTRY,HUN,EUR,Europe,YEAR,2024,TOBACCO_INDICATOR,TOBACCO_INDICATOR_R_admin_identifier_track_and_trace,,,,,,,Yes,,,,,2025-08-19T14:23:00Z,2024,2024-01-01,2024-12-31
9215075,TOBACCO_MPOWER_R_TAXADMINISTRATION,COUNTRY,IND,SEAR,South-East Asia,YEAR,2024,TOBACCO_INDICATOR,TOBACCO_INDICATOR_R_admin_identifier_track_and_trace,,,,,,,No,,,,,2025-08-19T14:23:00Z,2024,2024-01-01,2024-12-31
9218333,TOBACCO_MPOWER_R_TAXADMINISTRATION,COUNTRY,LCA,AMR,Americas,YEAR,2024,TOBACCO_INDICATOR,TOBACCO_INDICATOR_R_admin_tax_stamps_cig,,,,,,,No,,,,,2025-08-19T14:23:00Z,2024,2024-01-01,2024-12-31
9250163,TOBACCO_MPOWER_R_TAXADMINISTRATION,COUNTRY,JPN,WPR,Western Pacific,YEAR,2024,TOBACCO_INDICATOR,TOBACCO_INDICATOR_R_admin_tax_stamps_cig,,,,,,,No,,,,,2025-08-19T14:23:00Z,2024,2024-01-01,2024-12-31
9287159,TOBACCO_MPOWER_R_TAXADMINISTRATION,COUNTRY,SOM,EMR,Eastern Mediterranean,YEAR,2024,TOBACCO_INDICATOR,TOBACCO_INDICATOR_R_admin_identifier_track_and_trace,,,,,,,No,,,,,2025-08-19T14:23:00Z,2024,2024-01-01,2024-12-31
9302574,TOBACCO_MPOWER_R_TAXADMINISTRATION,COUNTRY,GNQ,AFR,Africa,YEAR,2024,TOBACCO_INDICATOR,TOBACCO_INDICATOR_R_admin_identifier_track_and_trace,,,,,,,No,,,,,2025-08-19T14:23:00Z,2024,2024-01-01,2024-12-31
9342128,TOBACCO_MPOWER_R_TAXADMINISTRATION,COUNTRY,SSD,AFR,Africa,YEAR,2024,TOBACCO_INDICATOR,TOBACCO_INDICATOR_R_admin_tax_stamps_cig,,,,,,,No,,,,,2025-08-19T14:23:00Z,2024,2024-01-01,2024-12-31
9490579,TOBACCO_MPOWER_R_TAXADMINISTRATION,COUNTRY,BLZ,AMR,Americas,YEAR,2024,TOBACCO_INDICATOR,TOBACCO_INDICATOR_R_admin_identifier_track_and_trace,,,,,,,No,,,,,2025-08-19T14:23:00Z,2024,2024-01-01,2024-12-31
9522543,TOBACCO_MPOWER_R_TAXADMINISTRATION,COUNTRY,GRC,EUR,Europe,YEAR,2024,TOBACCO_INDICATOR,TOBACCO_INDICATOR_R_admin_tax_stamps_cig,,,,,,,Yes,,,,,2025-08-19T14:23:00Z,2024,2024-01-01,2024-12-31
9525357,TOBACCO_MPOWER_R_TAXADMINISTRATION,COUNTRY,BHS,AMR,Americas,YEAR,2024,TOBACCO_INDICATOR,TOBACCO_INDICATOR_R_admin_identifier_track_and_trace,,,,,,,Yes,,,,,2025-08-19T14:23:00Z,2024,2024-01-01,2024-12-31
9536294,TOBACCO_MPOWER_R_TAXADMINISTRATION,COUNTRY,ROU,EUR,Europe,YEAR,2024,TOBACCO_INDICATOR,TOBACCO_INDICATOR_R_admin_tax_stamps_cig,,,,,,,Yes,,,,,2025-08-19T14:23:00Z,2024,2024-01-01,2024-12-31
9563915,TOBACCO_MPOWER_R_TAXADMINISTRATION,COUNTRY,MEX,AMR,Americas,YEAR,2024,TOBACCO_INDICATOR,TOBACCO_INDICATOR_R_admin_tax_stamps_cig,,,,,,,Yes,,,,,2025-08-19T14:23:00Z,2024,2024-01-01,2024-12-31
9643299,TOBACCO_MPOWER_R_TAXADMINISTRATION,COUNTRY,DZA,AFR,Africa,YEAR,2024,TOBACCO_INDICATOR,TOBACCO_INDICATOR_R_admin_tax_stamps_cig,,,,,,,No,,,,,2025-08-19T14:23:00Z,2024,2024-01-01,2024-12-31
9679939,TOBACCO_MPOWER_R_TAXADMINISTRATION,COUNTRY,JOR,EMR,Eastern Mediterranean,YEAR,2024,TOBACCO_INDICATOR,TOBACCO_INDICATOR_R_admin_identifier_track_and_trace,,,,,,,No,,,,,2025-08-19T14:23:00Z,2024,2024-01-01,2024-12-31
9696382,TOBACCO_MPOWER_R_TAXADMINISTRATION,COUNTRY,BLZ,AMR,Americas,YEAR,2024,TOBACCO_INDICATOR,TOBACCO_INDICATOR_R_admin_tax_stamps_cig,,,,,,,No,,,,,2025-08-19T14:23:00Z,2024,2024-01-01,2024-12-31
9736941,TOBACCO_MPOWER_R_TAXADMINISTRATION,COUNTRY,NAM,AFR,Africa,YEAR,2024,TOBACCO_INDICATOR,TOBACCO_INDICATOR_R_admin_identifier_track_and_trace,,,,,,,No,,,,,2025-08-19T14:23:00Z,2024,2024-01-01,2024-12-31
9743608,TOBACCO_MPOWER_R_TAXADMINISTRATION,COUNTRY,BLR,EUR,Europe,YEAR,2024,TOBACCO_INDICATOR,TOBACCO_INDICATOR_R_admin_tax_stamps_cig,,,,,,,Yes,,,,,2025-08-19T14:23:00Z,2024,2024-01-01,2024-12-31
9749732,TOBACCO_MPOWER_R_TAXADMINISTRATION,COUNTRY,DJI,EMR,Eastern Mediterranean,YEAR,2024,TOBACCO_INDICATOR,TOBACCO_INDICATOR_R_admin_identifier_track_and_trace,,,,,,,No,,,,,2025-08-19T14:23:00Z,2024,2024-01-01,2024-12-31
9767625,TOBACCO_MPOWER_R_TAXADMINISTRATION,COUNTRY,PNG,WPR,Western Pacific,YEAR,2024,TOBACCO_INDICATOR,TOBACCO_INDICATOR_R_admin_tax_stamps_cig,,,,,,,No,,,,,2025-08-19T14:23:00Z,2024,2024-01-01,2024-12-31
9804022,TOBACCO_MPOWER_R_TAXADMINISTRATION,COUNTRY,CHE,EUR,Europe,YEAR,2024,TOBACCO_INDICATOR,TOBACCO_INDICATOR_R_admin_tax_stamps_cig,,,,,,,No,,,,,2025-08-19T14:23:00Z,2024,2024-01-01,2024-12-31
9836519,TOBACCO_MPOWER_R_TAXADMINISTRATION,COUNTRY,FIN,EUR,Europe,YEAR,2024,TOBACCO_INDICATOR,TOBACCO_INDICATOR_R_admin_identifier_track_and_trace,,,,,,,Yes,,,,,2025-08-19T14:23:00Z,2024,2024-01-01,2024-12-31
9854177,TOBACCO_MPOWER_R_TAXADMINISTRATION,COUNTRY,BHR,EMR,Eastern Mediterranean,YEAR,2024,TOBACCO_INDICATOR,TOBACCO_INDICATOR_R_admin_identifier_track_and_trace,,,,,,,Yes,,,,,2025-08-19T14:23:00Z,2024,2024-01-01,2024-12-31
9872769,TOBACCO_MPOWER_R_TAXADMINISTRATION,COUNTRY,ALB,EUR,Europe,YEAR,2024,TOBACCO_INDICATOR,TOBACCO_INDICATOR_R_admin_tax_stamps_cig,,,,,,,Yes,,,,,2025-08-19T14:23:00Z,2024,2024-01-01,2024-12-31
9949881,TOBACCO_MPOWER_R_TAXADMINISTRATION,COUNTRY,MDV,SEAR,South-East Asia,YEAR,2024,TOBACCO_INDICATOR,TOBACCO_INDICATOR_R_admin_identifier_track_and_trace,,,,,,,No,,,,,2025-08-19T14:23:00Z,2024,2024-01-01,2024-12-31
9995228,TOBACCO_MPOWER_R_TAXADMINISTRATION,COUNTRY,TON,WPR,Western Pacific,YEAR,2024,TOBACCO_INDICATOR,TOBACCO_INDICATOR_R_admin_tax_stamps_cig,,,,,,,No,,,,,2025-08-19T14:23:00Z,2024,2024-01-01,2024-12-31
10018964,TOBACCO_MPOWER_R_TAXADMINISTRATION,COUNTRY,BGR,EUR,Europe,YEAR,2024,TOBACCO_INDICATOR,TOBACCO_INDICATOR_R_admin_tax_stamps_cig,,,,,,,Yes,,,,,2025-08-19T14:23:00Z,2024,2024-01-01,2024-12-31
10020320,TOBACCO_MPOWER_R_TAXADMINISTRATION,COUNTRY,CPV,AFR,Africa,YEAR,2024,TOBACCO_INDICATOR,TOBACCO_INDICATOR_R_admin_tax_stamps_cig,,,,,,,Yes,,,,,2025-08-19T14:23:00Z,2024,2024-01-01,2024-12-31
10025509,TOBACCO_MPOWER_R_TAXADMINISTRATION,COUNTRY,MCO,EUR,Europe,YEAR,2024,TOBACCO_INDICATOR,TOBACCO_INDICATOR_R_admin_tax_stamps_cig,,,,,,,No,,,,,2025-08-19T14:23:00Z,2024,2024-01-01,2024-12-31
10040566,TOBACCO_MPOWER_R_TAXADMINISTRATION,COUNTRY,SWE,EUR,Europe,YEAR,2024,TOBACCO_INDICATOR,TOBACCO_INDICATOR_R_admin_identifier_track_and_trace,,,,,,,Yes,,,,,2025-08-19T14:23:00Z,2024,2024-01-01,2024-12-31
10050995,TOBACCO_MPOWER_R_TAXADMINISTRATION,COUNTRY,BGD,SEAR,South-East Asia,YEAR,2024,TOBACCO_INDICATOR,TOBACCO_INDICATOR_R_admin_tax_stamps_cig,,,,,,,Yes,,,,,2025-08-19T14:23:00Z,2024,2024-01-01,2024-12-31
10073304,TOBACCO_MPOWER_R_TAXADMINISTRATION,COUNTRY,PSE,EMR,Eastern Mediterranean,YEAR,2024,TOBACCO_INDICATOR,TOBACCO_INDICATOR_R_admin_tax_stamps_cig,,,,,,,No,,,,,2025-08-19T14:23:00Z,2024,2024-01-01,2024-12-31
10084355,TOBACCO_MPOWER_R_TAXADMINISTRATION,COUNTRY,MOZ,AFR,Africa,YEAR,2024,TOBACCO_INDICATOR,TOBACCO_INDICATOR_R_admin_tax_stamps_cig,,,,,,,Yes,,,,,2025-08-19T14:23:00Z,2024,2024-01-01,2024-12-31
10120483,TOBACCO_MPOWER_R_TAXADMINISTRATION,COUNTRY,ESP,EUR,Europe,YEAR,2024,TOBACCO_INDICATOR,TOBACCO_INDICATOR_R_admin_identifier_track_and_trace,,,,,,,Yes,,,,,2025-08-19T14:23:00Z,2024,2024-01-01,2024-12-31
10122162,TOBACCO_MPOWER_R_TAXADMINISTRATION,COUNTRY,KGZ,EUR,Europe,YEAR,2024,TOBACCO_INDICATOR,TOBACCO_INDICATOR_R_admin_identifier_track_and_trace,,,,,,,No,,,,,2025-08-19T14:23:00Z,2024,2024-01-01,2024-12-31
10140940,TOBACCO_MPOWER_R_TAXADMINISTRATION,COUNTRY,SEN,AFR,Africa,YEAR,2024,TOBACCO_INDICATOR,TOBACCO_INDICATOR_R_admin_identifier_track_and_trace,,,,,,,No,,,,,2025-08-19T14:23:00Z,2024,2024-01-01,2024-12-31
10180903,TOBACCO_MPOWER_R_TAXADMINISTRATION,COUNTRY,BDI,AFR,Africa,YEAR,2024,TOBACCO_INDICATOR,TOBACCO_INDICATOR_R_admin_tax_stamps_cig,,,,,,,Yes,,,,,2025-08-19T14:23:00Z,2024,2024-01-01,2024-12-31
10197001,TOBACCO_MPOWER_R_TAXADMINISTRATION,COUNTRY,SEN,AFR,Africa,YEAR,2024,TOBACCO_INDICATOR,TOBACCO_INDICATOR_R_admin_tax_stamps_cig,,,,,,,No,,,,,2025-08-19T14:23:00Z,2024,2024-01-01,2024-12-31
10254347,TOBACCO_MPOWER_R_TAXADMINISTRATION,COUNTRY,COL,AMR,Americas,YEAR,2024,TOBACCO_INDICATOR,TOBACCO_INDICATOR_R_admin_tax_stamps_cig,,,,,,,No,,,,,2025-08-19T14:23:00Z,2024,2024-01-01,2024-12-31
10274865,TOBACCO_MPOWER_R_TAXADMINISTRATION,COUNTRY,PLW,WPR,Western Pacific,YEAR,2024,TOBACCO_INDICATOR,TOBACCO_INDICATOR_R_admin_tax_stamps_cig,,,,,,,No,,,,,2025-08-19T14:23:00Z,2024,2024-01-01,2024-12-31
